Item_Name,variable,value
Tomatoes,TheSpicyItalianPizza,0
 Oregano,TheSpicyItalianPizza,0
 Pepperoni,TheSpicyItalianPizza,0
Mozzarella Cheese,TheSpicyItalianPizza,0
 Provolone Cheese,TheSpicyItalianPizza,0
Spinach,TheSpicyItalianPizza,0
 Capocollo,TheSpicyItalianPizza,0
Ricotta Cheese,TheSpicyItalianPizza,0
 Pesto Sauce,TheSpicyItalianPizza,0
Eggplant,TheSpicyItalianPizza,0
 Italian Sausage,TheSpicyItalianPizza,0
 Plum Tomatoes,TheSpicyItalianPizza,0
 Romano Cheese,TheSpicyItalianPizza,0
 Cilantro,TheSpicyItalianPizza,0
 Green Peppers,TheSpicyItalianPizza,0
 Barbecue Sauce,TheSpicyItalianPizza,0
 Asiago Cheese,TheSpicyItalianPizza,0
 Gouda Cheese,TheSpicyItalianPizza,0
 Luganega Sausage,TheSpicyItalianPizza,0
 Smoked Gouda Cheese,TheSpicyItalianPizza,0
 Kalamata Olives,TheSpicyItalianPizza,0
 Garlic,TheSpicyItalianPizza,0
 Thyme,TheSpicyItalianPizza,0
 Mushrooms,TheSpicyItalianPizza,0
 Thai Sweet Chilli Sauce,TheSpicyItalianPizza,0
 Jalapeno Peppers,TheSpicyItalianPizza,0
 Onions,TheSpicyItalianPizza,0
Soppressata Salami,TheSpicyItalianPizza,0
 Sun-dried Tomatoes,TheSpicyItalianPizza,0
 Pears,TheSpicyItalianPizza,0
 Blue Cheese,TheSpicyItalianPizza,0
 Red Onions,TheSpicyItalianPizza,0
 Green Olives,TheSpicyItalianPizza,0
 Fontina Cheese,TheSpicyItalianPizza,0
Mushrooms,TheSpicyItalianPizza,0
 Gorgonzola Piccante Cheese,TheSpicyItalianPizza,0
Calabrese Salami,TheSpicyItalianPizza,0
Sliced Ham,TheSpicyItalianPizza,0
 Goat Cheese,TheSpicyItalianPizza,0
 Anchovies,TheSpicyItalianPizza,0
Chicken,TheSpicyItalianPizza,0
 Corn,TheSpicyItalianPizza,0
Prosciutto di San Daniele,TheSpicyItalianPizza,0
Kalamata Olives,TheSpicyItalianPizza,0
 Artichokes,TheSpicyItalianPizza,0
 Bacon,TheSpicyItalianPizza,0
 Alfredo Sauce,TheSpicyItalianPizza,0
 Parmigiano Reggiano Cheese,TheSpicyItalianPizza,0
 Spinach,TheSpicyItalianPizza,0
 Artichoke,TheSpicyItalianPizza,0
 Beef Chuck Roast,TheSpicyItalianPizza,0
 Pancetta,TheSpicyItalianPizza,0
 Red Peppers,TheSpicyItalianPizza,0
 Zucchini,TheSpicyItalianPizza,0
 Tomatoes,TheSpicyItalianPizza,0
 Arugula,TheSpicyItalianPizza,0
 Feta Cheese,TheSpicyItalianPizza,0
 Caramelized Onions,TheSpicyItalianPizza,0
 Pineapple,TheSpicyItalianPizza,0
Genoa Salami,TheSpicyItalianPizza,0
 Friggitello Peppers,TheSpicyItalianPizza,0
Brie Carre Cheese,TheSpicyItalianPizza,0
Coarse Sicilian Salami,TheSpicyItalianPizza,0
 Mozzarella Cheese,TheSpicyItalianPizza,0
Pepperoni,TheSpicyItalianPizza,0
Bacon,TheSpicyItalianPizza,0
 Chorizo Sausage,TheSpicyItalianPizza,0
?duja Salami,TheSpicyItalianPizza,0
 Chipotle Sauce,TheSpicyItalianPizza,0
Capocollo,TheSpicyItalianPizza,0
 Peperoncini verdi,TheSpicyItalianPizza,0
Barbecued Chicken,TheSpicyItalianPizza,0
 Prosciutto,TheSpicyItalianPizza,0
Tomatoes,TheCalabresePizza,0
 Oregano,TheCalabresePizza,0
 Pepperoni,TheCalabresePizza,0
Mozzarella Cheese,TheCalabresePizza,0
 Provolone Cheese,TheCalabresePizza,0
Spinach,TheCalabresePizza,0
 Capocollo,TheCalabresePizza,0
Ricotta Cheese,TheCalabresePizza,0
 Pesto Sauce,TheCalabresePizza,0
Eggplant,TheCalabresePizza,0
 Italian Sausage,TheCalabresePizza,0
 Plum Tomatoes,TheCalabresePizza,0
 Romano Cheese,TheCalabresePizza,0
 Cilantro,TheCalabresePizza,0
 Green Peppers,TheCalabresePizza,0
 Barbecue Sauce,TheCalabresePizza,0
 Asiago Cheese,TheCalabresePizza,0
 Gouda Cheese,TheCalabresePizza,0
 Luganega Sausage,TheCalabresePizza,0
 Smoked Gouda Cheese,TheCalabresePizza,0
 Kalamata Olives,TheCalabresePizza,0
 Garlic,TheCalabresePizza,0
 Thyme,TheCalabresePizza,0
 Mushrooms,TheCalabresePizza,0
 Thai Sweet Chilli Sauce,TheCalabresePizza,0
 Jalapeno Peppers,TheCalabresePizza,0
 Onions,TheCalabresePizza,0
Soppressata Salami,TheCalabresePizza,0
 Sun-dried Tomatoes,TheCalabresePizza,0
 Pears,TheCalabresePizza,0
 Blue Cheese,TheCalabresePizza,0
 Red Onions,TheCalabresePizza,0
 Green Olives,TheCalabresePizza,0
 Fontina Cheese,TheCalabresePizza,0
Mushrooms,TheCalabresePizza,0
 Gorgonzola Piccante Cheese,TheCalabresePizza,0
Calabrese Salami,TheCalabresePizza,0
Sliced Ham,TheCalabresePizza,0
 Goat Cheese,TheCalabresePizza,0
 Anchovies,TheCalabresePizza,0
Chicken,TheCalabresePizza,0
 Corn,TheCalabresePizza,0
Prosciutto di San Daniele,TheCalabresePizza,0
Kalamata Olives,TheCalabresePizza,0
 Artichokes,TheCalabresePizza,0
 Bacon,TheCalabresePizza,0
 Alfredo Sauce,TheCalabresePizza,0
 Parmigiano Reggiano Cheese,TheCalabresePizza,0
 Spinach,TheCalabresePizza,0
 Artichoke,TheCalabresePizza,0
 Beef Chuck Roast,TheCalabresePizza,0
 Pancetta,TheCalabresePizza,0
 Red Peppers,TheCalabresePizza,0
 Zucchini,TheCalabresePizza,0
 Tomatoes,TheCalabresePizza,0
 Arugula,TheCalabresePizza,0
 Feta Cheese,TheCalabresePizza,0
 Caramelized Onions,TheCalabresePizza,0
 Pineapple,TheCalabresePizza,0
Genoa Salami,TheCalabresePizza,0
 Friggitello Peppers,TheCalabresePizza,0
Brie Carre Cheese,TheCalabresePizza,0
Coarse Sicilian Salami,TheCalabresePizza,0
 Mozzarella Cheese,TheCalabresePizza,0
Pepperoni,TheCalabresePizza,0
Bacon,TheCalabresePizza,0
 Chorizo Sausage,TheCalabresePizza,0
?duja Salami,TheCalabresePizza,0
 Chipotle Sauce,TheCalabresePizza,0
Capocollo,TheCalabresePizza,0
 Peperoncini verdi,TheCalabresePizza,0
Barbecued Chicken,TheCalabresePizza,0
 Prosciutto,TheCalabresePizza,0
Tomatoes,TheNapolitanaPizza,0
 Oregano,TheNapolitanaPizza,0
 Pepperoni,TheNapolitanaPizza,0
Mozzarella Cheese,TheNapolitanaPizza,0
 Provolone Cheese,TheNapolitanaPizza,0
Spinach,TheNapolitanaPizza,0
 Capocollo,TheNapolitanaPizza,0
Ricotta Cheese,TheNapolitanaPizza,0
 Pesto Sauce,TheNapolitanaPizza,0
Eggplant,TheNapolitanaPizza,0
 Italian Sausage,TheNapolitanaPizza,0
 Plum Tomatoes,TheNapolitanaPizza,0
 Romano Cheese,TheNapolitanaPizza,0
 Cilantro,TheNapolitanaPizza,0
 Green Peppers,TheNapolitanaPizza,0
 Barbecue Sauce,TheNapolitanaPizza,0
 Asiago Cheese,TheNapolitanaPizza,0
 Gouda Cheese,TheNapolitanaPizza,0
 Luganega Sausage,TheNapolitanaPizza,0
 Smoked Gouda Cheese,TheNapolitanaPizza,0
 Kalamata Olives,TheNapolitanaPizza,0
 Garlic,TheNapolitanaPizza,0
 Thyme,TheNapolitanaPizza,0
 Mushrooms,TheNapolitanaPizza,0
 Thai Sweet Chilli Sauce,TheNapolitanaPizza,0
 Jalapeno Peppers,TheNapolitanaPizza,0
 Onions,TheNapolitanaPizza,0
Soppressata Salami,TheNapolitanaPizza,0
 Sun-dried Tomatoes,TheNapolitanaPizza,0
 Pears,TheNapolitanaPizza,0
 Blue Cheese,TheNapolitanaPizza,0
 Red Onions,TheNapolitanaPizza,0
 Green Olives,TheNapolitanaPizza,0
 Fontina Cheese,TheNapolitanaPizza,0
Mushrooms,TheNapolitanaPizza,0
 Gorgonzola Piccante Cheese,TheNapolitanaPizza,0
Calabrese Salami,TheNapolitanaPizza,0
Sliced Ham,TheNapolitanaPizza,0
 Goat Cheese,TheNapolitanaPizza,0
 Anchovies,TheNapolitanaPizza,0
Chicken,TheNapolitanaPizza,0
 Corn,TheNapolitanaPizza,0
Prosciutto di San Daniele,TheNapolitanaPizza,0
Kalamata Olives,TheNapolitanaPizza,0
 Artichokes,TheNapolitanaPizza,0
 Bacon,TheNapolitanaPizza,0
 Alfredo Sauce,TheNapolitanaPizza,0
 Parmigiano Reggiano Cheese,TheNapolitanaPizza,0
 Spinach,TheNapolitanaPizza,0
 Artichoke,TheNapolitanaPizza,0
 Beef Chuck Roast,TheNapolitanaPizza,0
 Pancetta,TheNapolitanaPizza,0
 Red Peppers,TheNapolitanaPizza,0
 Zucchini,TheNapolitanaPizza,0
 Tomatoes,TheNapolitanaPizza,0
 Arugula,TheNapolitanaPizza,0
 Feta Cheese,TheNapolitanaPizza,0
 Caramelized Onions,TheNapolitanaPizza,0
 Pineapple,TheNapolitanaPizza,0
Genoa Salami,TheNapolitanaPizza,0
 Friggitello Peppers,TheNapolitanaPizza,0
Brie Carre Cheese,TheNapolitanaPizza,0
Coarse Sicilian Salami,TheNapolitanaPizza,0
 Mozzarella Cheese,TheNapolitanaPizza,0
Pepperoni,TheNapolitanaPizza,0
Bacon,TheNapolitanaPizza,0
 Chorizo Sausage,TheNapolitanaPizza,0
?duja Salami,TheNapolitanaPizza,0
 Chipotle Sauce,TheNapolitanaPizza,0
Capocollo,TheNapolitanaPizza,0
 Peperoncini verdi,TheNapolitanaPizza,0
Barbecued Chicken,TheNapolitanaPizza,0
 Prosciutto,TheNapolitanaPizza,0
Tomatoes,TheItalianCapocolloPizza,0
 Oregano,TheItalianCapocolloPizza,0
 Pepperoni,TheItalianCapocolloPizza,0
Mozzarella Cheese,TheItalianCapocolloPizza,0
 Provolone Cheese,TheItalianCapocolloPizza,0
Spinach,TheItalianCapocolloPizza,0
 Capocollo,TheItalianCapocolloPizza,0
Ricotta Cheese,TheItalianCapocolloPizza,0
 Pesto Sauce,TheItalianCapocolloPizza,0
Eggplant,TheItalianCapocolloPizza,0
 Italian Sausage,TheItalianCapocolloPizza,0
 Plum Tomatoes,TheItalianCapocolloPizza,0
 Romano Cheese,TheItalianCapocolloPizza,0
 Cilantro,TheItalianCapocolloPizza,0
 Green Peppers,TheItalianCapocolloPizza,0
 Barbecue Sauce,TheItalianCapocolloPizza,0
 Asiago Cheese,TheItalianCapocolloPizza,0
 Gouda Cheese,TheItalianCapocolloPizza,0
 Luganega Sausage,TheItalianCapocolloPizza,0
 Smoked Gouda Cheese,TheItalianCapocolloPizza,0
 Kalamata Olives,TheItalianCapocolloPizza,0
 Garlic,TheItalianCapocolloPizza,0
 Thyme,TheItalianCapocolloPizza,0
 Mushrooms,TheItalianCapocolloPizza,0
 Thai Sweet Chilli Sauce,TheItalianCapocolloPizza,0
 Jalapeno Peppers,TheItalianCapocolloPizza,0
 Onions,TheItalianCapocolloPizza,0
Soppressata Salami,TheItalianCapocolloPizza,0
 Sun-dried Tomatoes,TheItalianCapocolloPizza,0
 Pears,TheItalianCapocolloPizza,0
 Blue Cheese,TheItalianCapocolloPizza,0
 Red Onions,TheItalianCapocolloPizza,0
 Green Olives,TheItalianCapocolloPizza,0
 Fontina Cheese,TheItalianCapocolloPizza,0
Mushrooms,TheItalianCapocolloPizza,0
 Gorgonzola Piccante Cheese,TheItalianCapocolloPizza,0
Calabrese Salami,TheItalianCapocolloPizza,0
Sliced Ham,TheItalianCapocolloPizza,0
 Goat Cheese,TheItalianCapocolloPizza,0
 Anchovies,TheItalianCapocolloPizza,0
Chicken,TheItalianCapocolloPizza,0
 Corn,TheItalianCapocolloPizza,0
Prosciutto di San Daniele,TheItalianCapocolloPizza,0
Kalamata Olives,TheItalianCapocolloPizza,0
 Artichokes,TheItalianCapocolloPizza,0
 Bacon,TheItalianCapocolloPizza,0
 Alfredo Sauce,TheItalianCapocolloPizza,0
 Parmigiano Reggiano Cheese,TheItalianCapocolloPizza,0
 Spinach,TheItalianCapocolloPizza,0
 Artichoke,TheItalianCapocolloPizza,0
 Beef Chuck Roast,TheItalianCapocolloPizza,0
 Pancetta,TheItalianCapocolloPizza,0
 Red Peppers,TheItalianCapocolloPizza,0
 Zucchini,TheItalianCapocolloPizza,0
 Tomatoes,TheItalianCapocolloPizza,0
 Arugula,TheItalianCapocolloPizza,0
 Feta Cheese,TheItalianCapocolloPizza,0
 Caramelized Onions,TheItalianCapocolloPizza,0
 Pineapple,TheItalianCapocolloPizza,0
Genoa Salami,TheItalianCapocolloPizza,0
 Friggitello Peppers,TheItalianCapocolloPizza,0
Brie Carre Cheese,TheItalianCapocolloPizza,0
Coarse Sicilian Salami,TheItalianCapocolloPizza,0
 Mozzarella Cheese,TheItalianCapocolloPizza,0
Pepperoni,TheItalianCapocolloPizza,0
Bacon,TheItalianCapocolloPizza,0
 Chorizo Sausage,TheItalianCapocolloPizza,0
?duja Salami,TheItalianCapocolloPizza,0
 Chipotle Sauce,TheItalianCapocolloPizza,0
Capocollo,TheItalianCapocolloPizza,0
 Peperoncini verdi,TheItalianCapocolloPizza,0
Barbecued Chicken,TheItalianCapocolloPizza,0
 Prosciutto,TheItalianCapocolloPizza,0
Tomatoes,TheMediterraneanPizza,0
 Oregano,TheMediterraneanPizza,0
 Pepperoni,TheMediterraneanPizza,0
Mozzarella Cheese,TheMediterraneanPizza,0
 Provolone Cheese,TheMediterraneanPizza,0
Spinach,TheMediterraneanPizza,0
 Capocollo,TheMediterraneanPizza,0
Ricotta Cheese,TheMediterraneanPizza,0
 Pesto Sauce,TheMediterraneanPizza,0
Eggplant,TheMediterraneanPizza,0
 Italian Sausage,TheMediterraneanPizza,0
 Plum Tomatoes,TheMediterraneanPizza,0
 Romano Cheese,TheMediterraneanPizza,0
 Cilantro,TheMediterraneanPizza,0
 Green Peppers,TheMediterraneanPizza,0
 Barbecue Sauce,TheMediterraneanPizza,0
 Asiago Cheese,TheMediterraneanPizza,0
 Gouda Cheese,TheMediterraneanPizza,0
 Luganega Sausage,TheMediterraneanPizza,0
 Smoked Gouda Cheese,TheMediterraneanPizza,0
 Kalamata Olives,TheMediterraneanPizza,0
 Garlic,TheMediterraneanPizza,0
 Thyme,TheMediterraneanPizza,0
 Mushrooms,TheMediterraneanPizza,0
 Thai Sweet Chilli Sauce,TheMediterraneanPizza,0
 Jalapeno Peppers,TheMediterraneanPizza,0
 Onions,TheMediterraneanPizza,0
Soppressata Salami,TheMediterraneanPizza,0
 Sun-dried Tomatoes,TheMediterraneanPizza,0
 Pears,TheMediterraneanPizza,0
 Blue Cheese,TheMediterraneanPizza,0
 Red Onions,TheMediterraneanPizza,0
 Green Olives,TheMediterraneanPizza,0
 Fontina Cheese,TheMediterraneanPizza,0
Mushrooms,TheMediterraneanPizza,0
 Gorgonzola Piccante Cheese,TheMediterraneanPizza,0
Calabrese Salami,TheMediterraneanPizza,0
Sliced Ham,TheMediterraneanPizza,0
 Goat Cheese,TheMediterraneanPizza,0
 Anchovies,TheMediterraneanPizza,0
Chicken,TheMediterraneanPizza,0
 Corn,TheMediterraneanPizza,0
Prosciutto di San Daniele,TheMediterraneanPizza,0
Kalamata Olives,TheMediterraneanPizza,0
 Artichokes,TheMediterraneanPizza,0
 Bacon,TheMediterraneanPizza,0
 Alfredo Sauce,TheMediterraneanPizza,0
 Parmigiano Reggiano Cheese,TheMediterraneanPizza,0
 Spinach,TheMediterraneanPizza,0
 Artichoke,TheMediterraneanPizza,0
 Beef Chuck Roast,TheMediterraneanPizza,0
 Pancetta,TheMediterraneanPizza,0
 Red Peppers,TheMediterraneanPizza,0
 Zucchini,TheMediterraneanPizza,0
 Tomatoes,TheMediterraneanPizza,0
 Arugula,TheMediterraneanPizza,0
 Feta Cheese,TheMediterraneanPizza,0
 Caramelized Onions,TheMediterraneanPizza,0
 Pineapple,TheMediterraneanPizza,0
Genoa Salami,TheMediterraneanPizza,0
 Friggitello Peppers,TheMediterraneanPizza,0
Brie Carre Cheese,TheMediterraneanPizza,0
Coarse Sicilian Salami,TheMediterraneanPizza,0
 Mozzarella Cheese,TheMediterraneanPizza,0
Pepperoni,TheMediterraneanPizza,0
Bacon,TheMediterraneanPizza,0
 Chorizo Sausage,TheMediterraneanPizza,0
?duja Salami,TheMediterraneanPizza,0
 Chipotle Sauce,TheMediterraneanPizza,0
Capocollo,TheMediterraneanPizza,0
 Peperoncini verdi,TheMediterraneanPizza,0
Barbecued Chicken,TheMediterraneanPizza,0
 Prosciutto,TheMediterraneanPizza,0
Tomatoes,TheSicilianPizza,0
 Oregano,TheSicilianPizza,0
 Pepperoni,TheSicilianPizza,0
Mozzarella Cheese,TheSicilianPizza,0
 Provolone Cheese,TheSicilianPizza,0
Spinach,TheSicilianPizza,0
 Capocollo,TheSicilianPizza,0
Ricotta Cheese,TheSicilianPizza,0
 Pesto Sauce,TheSicilianPizza,0
Eggplant,TheSicilianPizza,0
 Italian Sausage,TheSicilianPizza,0
 Plum Tomatoes,TheSicilianPizza,0
 Romano Cheese,TheSicilianPizza,0
 Cilantro,TheSicilianPizza,0
 Green Peppers,TheSicilianPizza,0
 Barbecue Sauce,TheSicilianPizza,0
 Asiago Cheese,TheSicilianPizza,0
 Gouda Cheese,TheSicilianPizza,0
 Luganega Sausage,TheSicilianPizza,0
 Smoked Gouda Cheese,TheSicilianPizza,0
 Kalamata Olives,TheSicilianPizza,0
 Garlic,TheSicilianPizza,0
 Thyme,TheSicilianPizza,0
 Mushrooms,TheSicilianPizza,0
 Thai Sweet Chilli Sauce,TheSicilianPizza,0
 Jalapeno Peppers,TheSicilianPizza,0
 Onions,TheSicilianPizza,0
Soppressata Salami,TheSicilianPizza,0
 Sun-dried Tomatoes,TheSicilianPizza,0
 Pears,TheSicilianPizza,0
 Blue Cheese,TheSicilianPizza,0
 Red Onions,TheSicilianPizza,0
 Green Olives,TheSicilianPizza,0
 Fontina Cheese,TheSicilianPizza,0
Mushrooms,TheSicilianPizza,0
 Gorgonzola Piccante Cheese,TheSicilianPizza,0
Calabrese Salami,TheSicilianPizza,0
Sliced Ham,TheSicilianPizza,0
 Goat Cheese,TheSicilianPizza,0
 Anchovies,TheSicilianPizza,0
Chicken,TheSicilianPizza,0
 Corn,TheSicilianPizza,0
Prosciutto di San Daniele,TheSicilianPizza,0
Kalamata Olives,TheSicilianPizza,0
 Artichokes,TheSicilianPizza,0
 Bacon,TheSicilianPizza,0
 Alfredo Sauce,TheSicilianPizza,0
 Parmigiano Reggiano Cheese,TheSicilianPizza,0
 Spinach,TheSicilianPizza,0
 Artichoke,TheSicilianPizza,0
 Beef Chuck Roast,TheSicilianPizza,0
 Pancetta,TheSicilianPizza,0
 Red Peppers,TheSicilianPizza,0
 Zucchini,TheSicilianPizza,0
 Tomatoes,TheSicilianPizza,0
 Arugula,TheSicilianPizza,0
 Feta Cheese,TheSicilianPizza,0
 Caramelized Onions,TheSicilianPizza,0
 Pineapple,TheSicilianPizza,0
Genoa Salami,TheSicilianPizza,0
 Friggitello Peppers,TheSicilianPizza,0
Brie Carre Cheese,TheSicilianPizza,0
Coarse Sicilian Salami,TheSicilianPizza,0
 Mozzarella Cheese,TheSicilianPizza,0
Pepperoni,TheSicilianPizza,0
Bacon,TheSicilianPizza,0
 Chorizo Sausage,TheSicilianPizza,0
?duja Salami,TheSicilianPizza,0
 Chipotle Sauce,TheSicilianPizza,0
Capocollo,TheSicilianPizza,0
 Peperoncini verdi,TheSicilianPizza,0
Barbecued Chicken,TheSicilianPizza,0
 Prosciutto,TheSicilianPizza,0
Tomatoes,TheChickenPestoPizza,0
 Oregano,TheChickenPestoPizza,0
 Pepperoni,TheChickenPestoPizza,0
Mozzarella Cheese,TheChickenPestoPizza,0
 Provolone Cheese,TheChickenPestoPizza,0
Spinach,TheChickenPestoPizza,0
 Capocollo,TheChickenPestoPizza,0
Ricotta Cheese,TheChickenPestoPizza,0
 Pesto Sauce,TheChickenPestoPizza,0
Eggplant,TheChickenPestoPizza,0
 Italian Sausage,TheChickenPestoPizza,0
 Plum Tomatoes,TheChickenPestoPizza,0
 Romano Cheese,TheChickenPestoPizza,0
 Cilantro,TheChickenPestoPizza,0
 Green Peppers,TheChickenPestoPizza,0
 Barbecue Sauce,TheChickenPestoPizza,0
 Asiago Cheese,TheChickenPestoPizza,0
 Gouda Cheese,TheChickenPestoPizza,0
 Luganega Sausage,TheChickenPestoPizza,0
 Smoked Gouda Cheese,TheChickenPestoPizza,0
 Kalamata Olives,TheChickenPestoPizza,0
 Garlic,TheChickenPestoPizza,0
 Thyme,TheChickenPestoPizza,0
 Mushrooms,TheChickenPestoPizza,0
 Thai Sweet Chilli Sauce,TheChickenPestoPizza,0
 Jalapeno Peppers,TheChickenPestoPizza,0
 Onions,TheChickenPestoPizza,0
Soppressata Salami,TheChickenPestoPizza,0
 Sun-dried Tomatoes,TheChickenPestoPizza,0
 Pears,TheChickenPestoPizza,0
 Blue Cheese,TheChickenPestoPizza,0
 Red Onions,TheChickenPestoPizza,0
 Green Olives,TheChickenPestoPizza,0
 Fontina Cheese,TheChickenPestoPizza,0
Mushrooms,TheChickenPestoPizza,0
 Gorgonzola Piccante Cheese,TheChickenPestoPizza,0
Calabrese Salami,TheChickenPestoPizza,0
Sliced Ham,TheChickenPestoPizza,0
 Goat Cheese,TheChickenPestoPizza,0
 Anchovies,TheChickenPestoPizza,0
Chicken,TheChickenPestoPizza,0
 Corn,TheChickenPestoPizza,0
Prosciutto di San Daniele,TheChickenPestoPizza,0
Kalamata Olives,TheChickenPestoPizza,0
 Artichokes,TheChickenPestoPizza,0
 Bacon,TheChickenPestoPizza,0
 Alfredo Sauce,TheChickenPestoPizza,0
 Parmigiano Reggiano Cheese,TheChickenPestoPizza,0
 Spinach,TheChickenPestoPizza,0
 Artichoke,TheChickenPestoPizza,0
 Beef Chuck Roast,TheChickenPestoPizza,0
 Pancetta,TheChickenPestoPizza,0
 Red Peppers,TheChickenPestoPizza,0
 Zucchini,TheChickenPestoPizza,0
 Tomatoes,TheChickenPestoPizza,0
 Arugula,TheChickenPestoPizza,0
 Feta Cheese,TheChickenPestoPizza,0
 Caramelized Onions,TheChickenPestoPizza,0
 Pineapple,TheChickenPestoPizza,0
Genoa Salami,TheChickenPestoPizza,0
 Friggitello Peppers,TheChickenPestoPizza,0
Brie Carre Cheese,TheChickenPestoPizza,0
Coarse Sicilian Salami,TheChickenPestoPizza,0
 Mozzarella Cheese,TheChickenPestoPizza,0
Pepperoni,TheChickenPestoPizza,0
Bacon,TheChickenPestoPizza,0
 Chorizo Sausage,TheChickenPestoPizza,0
?duja Salami,TheChickenPestoPizza,0
 Chipotle Sauce,TheChickenPestoPizza,0
Capocollo,TheChickenPestoPizza,0
 Peperoncini verdi,TheChickenPestoPizza,0
Barbecued Chicken,TheChickenPestoPizza,0
 Prosciutto,TheChickenPestoPizza,0
Tomatoes,TheSouthwestChickenPizza,0
 Oregano,TheSouthwestChickenPizza,0
 Pepperoni,TheSouthwestChickenPizza,0
Mozzarella Cheese,TheSouthwestChickenPizza,0
 Provolone Cheese,TheSouthwestChickenPizza,0
Spinach,TheSouthwestChickenPizza,0
 Capocollo,TheSouthwestChickenPizza,0
Ricotta Cheese,TheSouthwestChickenPizza,0
 Pesto Sauce,TheSouthwestChickenPizza,0
Eggplant,TheSouthwestChickenPizza,0
 Italian Sausage,TheSouthwestChickenPizza,0
 Plum Tomatoes,TheSouthwestChickenPizza,0
 Romano Cheese,TheSouthwestChickenPizza,0
 Cilantro,TheSouthwestChickenPizza,0
 Green Peppers,TheSouthwestChickenPizza,0
 Barbecue Sauce,TheSouthwestChickenPizza,0
 Asiago Cheese,TheSouthwestChickenPizza,0
 Gouda Cheese,TheSouthwestChickenPizza,0
 Luganega Sausage,TheSouthwestChickenPizza,0
 Smoked Gouda Cheese,TheSouthwestChickenPizza,0
 Kalamata Olives,TheSouthwestChickenPizza,0
 Garlic,TheSouthwestChickenPizza,0
 Thyme,TheSouthwestChickenPizza,0
 Mushrooms,TheSouthwestChickenPizza,0
 Thai Sweet Chilli Sauce,TheSouthwestChickenPizza,0
 Jalapeno Peppers,TheSouthwestChickenPizza,0
 Onions,TheSouthwestChickenPizza,0
Soppressata Salami,TheSouthwestChickenPizza,0
 Sun-dried Tomatoes,TheSouthwestChickenPizza,0
 Pears,TheSouthwestChickenPizza,0
 Blue Cheese,TheSouthwestChickenPizza,0
 Red Onions,TheSouthwestChickenPizza,0
 Green Olives,TheSouthwestChickenPizza,0
 Fontina Cheese,TheSouthwestChickenPizza,0
Mushrooms,TheSouthwestChickenPizza,0
 Gorgonzola Piccante Cheese,TheSouthwestChickenPizza,0
Calabrese Salami,TheSouthwestChickenPizza,0
Sliced Ham,TheSouthwestChickenPizza,0
 Goat Cheese,TheSouthwestChickenPizza,0
 Anchovies,TheSouthwestChickenPizza,0
Chicken,TheSouthwestChickenPizza,0
 Corn,TheSouthwestChickenPizza,0
Prosciutto di San Daniele,TheSouthwestChickenPizza,0
Kalamata Olives,TheSouthwestChickenPizza,0
 Artichokes,TheSouthwestChickenPizza,0
 Bacon,TheSouthwestChickenPizza,0
 Alfredo Sauce,TheSouthwestChickenPizza,0
 Parmigiano Reggiano Cheese,TheSouthwestChickenPizza,0
 Spinach,TheSouthwestChickenPizza,0
 Artichoke,TheSouthwestChickenPizza,0
 Beef Chuck Roast,TheSouthwestChickenPizza,0
 Pancetta,TheSouthwestChickenPizza,0
 Red Peppers,TheSouthwestChickenPizza,0
 Zucchini,TheSouthwestChickenPizza,0
 Tomatoes,TheSouthwestChickenPizza,0
 Arugula,TheSouthwestChickenPizza,0
 Feta Cheese,TheSouthwestChickenPizza,0
 Caramelized Onions,TheSouthwestChickenPizza,0
 Pineapple,TheSouthwestChickenPizza,0
Genoa Salami,TheSouthwestChickenPizza,0
 Friggitello Peppers,TheSouthwestChickenPizza,0
Brie Carre Cheese,TheSouthwestChickenPizza,0
Coarse Sicilian Salami,TheSouthwestChickenPizza,0
 Mozzarella Cheese,TheSouthwestChickenPizza,0
Pepperoni,TheSouthwestChickenPizza,0
Bacon,TheSouthwestChickenPizza,0
 Chorizo Sausage,TheSouthwestChickenPizza,0
?duja Salami,TheSouthwestChickenPizza,0
 Chipotle Sauce,TheSouthwestChickenPizza,0
Capocollo,TheSouthwestChickenPizza,0
 Peperoncini verdi,TheSouthwestChickenPizza,0
Barbecued Chicken,TheSouthwestChickenPizza,0
 Prosciutto,TheSouthwestChickenPizza,0
Tomatoes,TheSpinachPestoPizza,0
 Oregano,TheSpinachPestoPizza,0
 Pepperoni,TheSpinachPestoPizza,0
Mozzarella Cheese,TheSpinachPestoPizza,0
 Provolone Cheese,TheSpinachPestoPizza,0
Spinach,TheSpinachPestoPizza,0
 Capocollo,TheSpinachPestoPizza,0
Ricotta Cheese,TheSpinachPestoPizza,0
 Pesto Sauce,TheSpinachPestoPizza,0
Eggplant,TheSpinachPestoPizza,0
 Italian Sausage,TheSpinachPestoPizza,0
 Plum Tomatoes,TheSpinachPestoPizza,0
 Romano Cheese,TheSpinachPestoPizza,0
 Cilantro,TheSpinachPestoPizza,0
 Green Peppers,TheSpinachPestoPizza,0
 Barbecue Sauce,TheSpinachPestoPizza,0
 Asiago Cheese,TheSpinachPestoPizza,0
 Gouda Cheese,TheSpinachPestoPizza,0
 Luganega Sausage,TheSpinachPestoPizza,0
 Smoked Gouda Cheese,TheSpinachPestoPizza,0
 Kalamata Olives,TheSpinachPestoPizza,0
 Garlic,TheSpinachPestoPizza,0
 Thyme,TheSpinachPestoPizza,0
 Mushrooms,TheSpinachPestoPizza,0
 Thai Sweet Chilli Sauce,TheSpinachPestoPizza,0
 Jalapeno Peppers,TheSpinachPestoPizza,0
 Onions,TheSpinachPestoPizza,0
Soppressata Salami,TheSpinachPestoPizza,0
 Sun-dried Tomatoes,TheSpinachPestoPizza,0
 Pears,TheSpinachPestoPizza,0
 Blue Cheese,TheSpinachPestoPizza,0
 Red Onions,TheSpinachPestoPizza,0
 Green Olives,TheSpinachPestoPizza,0
 Fontina Cheese,TheSpinachPestoPizza,0
Mushrooms,TheSpinachPestoPizza,0
 Gorgonzola Piccante Cheese,TheSpinachPestoPizza,0
Calabrese Salami,TheSpinachPestoPizza,0
Sliced Ham,TheSpinachPestoPizza,0
 Goat Cheese,TheSpinachPestoPizza,0
 Anchovies,TheSpinachPestoPizza,0
Chicken,TheSpinachPestoPizza,0
 Corn,TheSpinachPestoPizza,0
Prosciutto di San Daniele,TheSpinachPestoPizza,0
Kalamata Olives,TheSpinachPestoPizza,0
 Artichokes,TheSpinachPestoPizza,0
 Bacon,TheSpinachPestoPizza,0
 Alfredo Sauce,TheSpinachPestoPizza,0
 Parmigiano Reggiano Cheese,TheSpinachPestoPizza,0
 Spinach,TheSpinachPestoPizza,0
 Artichoke,TheSpinachPestoPizza,0
 Beef Chuck Roast,TheSpinachPestoPizza,0
 Pancetta,TheSpinachPestoPizza,0
 Red Peppers,TheSpinachPestoPizza,0
 Zucchini,TheSpinachPestoPizza,0
 Tomatoes,TheSpinachPestoPizza,0
 Arugula,TheSpinachPestoPizza,0
 Feta Cheese,TheSpinachPestoPizza,0
 Caramelized Onions,TheSpinachPestoPizza,0
 Pineapple,TheSpinachPestoPizza,0
Genoa Salami,TheSpinachPestoPizza,0
 Friggitello Peppers,TheSpinachPestoPizza,0
Brie Carre Cheese,TheSpinachPestoPizza,0
Coarse Sicilian Salami,TheSpinachPestoPizza,0
 Mozzarella Cheese,TheSpinachPestoPizza,0
Pepperoni,TheSpinachPestoPizza,0
Bacon,TheSpinachPestoPizza,0
 Chorizo Sausage,TheSpinachPestoPizza,0
?duja Salami,TheSpinachPestoPizza,0
 Chipotle Sauce,TheSpinachPestoPizza,0
Capocollo,TheSpinachPestoPizza,0
 Peperoncini verdi,TheSpinachPestoPizza,0
Barbecued Chicken,TheSpinachPestoPizza,0
 Prosciutto,TheSpinachPestoPizza,0
Tomatoes,TheSoppressataPizza,0
 Oregano,TheSoppressataPizza,0
 Pepperoni,TheSoppressataPizza,0
Mozzarella Cheese,TheSoppressataPizza,0
 Provolone Cheese,TheSoppressataPizza,0
Spinach,TheSoppressataPizza,0
 Capocollo,TheSoppressataPizza,0
Ricotta Cheese,TheSoppressataPizza,0
 Pesto Sauce,TheSoppressataPizza,0
Eggplant,TheSoppressataPizza,0
 Italian Sausage,TheSoppressataPizza,0
 Plum Tomatoes,TheSoppressataPizza,0
 Romano Cheese,TheSoppressataPizza,0
 Cilantro,TheSoppressataPizza,0
 Green Peppers,TheSoppressataPizza,0
 Barbecue Sauce,TheSoppressataPizza,0
 Asiago Cheese,TheSoppressataPizza,0
 Gouda Cheese,TheSoppressataPizza,0
 Luganega Sausage,TheSoppressataPizza,0
 Smoked Gouda Cheese,TheSoppressataPizza,0
 Kalamata Olives,TheSoppressataPizza,0
 Garlic,TheSoppressataPizza,0
 Thyme,TheSoppressataPizza,0
 Mushrooms,TheSoppressataPizza,0
 Thai Sweet Chilli Sauce,TheSoppressataPizza,0
 Jalapeno Peppers,TheSoppressataPizza,0
 Onions,TheSoppressataPizza,0
Soppressata Salami,TheSoppressataPizza,0
 Sun-dried Tomatoes,TheSoppressataPizza,0
 Pears,TheSoppressataPizza,0
 Blue Cheese,TheSoppressataPizza,0
 Red Onions,TheSoppressataPizza,0
 Green Olives,TheSoppressataPizza,0
 Fontina Cheese,TheSoppressataPizza,0
Mushrooms,TheSoppressataPizza,0
 Gorgonzola Piccante Cheese,TheSoppressataPizza,0
Calabrese Salami,TheSoppressataPizza,0
Sliced Ham,TheSoppressataPizza,0
 Goat Cheese,TheSoppressataPizza,0
 Anchovies,TheSoppressataPizza,0
Chicken,TheSoppressataPizza,0
 Corn,TheSoppressataPizza,0
Prosciutto di San Daniele,TheSoppressataPizza,0
Kalamata Olives,TheSoppressataPizza,0
 Artichokes,TheSoppressataPizza,0
 Bacon,TheSoppressataPizza,0
 Alfredo Sauce,TheSoppressataPizza,0
 Parmigiano Reggiano Cheese,TheSoppressataPizza,0
 Spinach,TheSoppressataPizza,0
 Artichoke,TheSoppressataPizza,0
 Beef Chuck Roast,TheSoppressataPizza,0
 Pancetta,TheSoppressataPizza,0
 Red Peppers,TheSoppressataPizza,0
 Zucchini,TheSoppressataPizza,0
 Tomatoes,TheSoppressataPizza,0
 Arugula,TheSoppressataPizza,0
 Feta Cheese,TheSoppressataPizza,0
 Caramelized Onions,TheSoppressataPizza,0
 Pineapple,TheSoppressataPizza,0
Genoa Salami,TheSoppressataPizza,0
 Friggitello Peppers,TheSoppressataPizza,0
Brie Carre Cheese,TheSoppressataPizza,0
Coarse Sicilian Salami,TheSoppressataPizza,0
 Mozzarella Cheese,TheSoppressataPizza,0
Pepperoni,TheSoppressataPizza,0
Bacon,TheSoppressataPizza,0
 Chorizo Sausage,TheSoppressataPizza,0
?duja Salami,TheSoppressataPizza,0
 Chipotle Sauce,TheSoppressataPizza,0
Capocollo,TheSoppressataPizza,0
 Peperoncini verdi,TheSoppressataPizza,0
Barbecued Chicken,TheSoppressataPizza,0
 Prosciutto,TheSoppressataPizza,0
Tomatoes,TheFourCheesePizza,0
 Oregano,TheFourCheesePizza,0
 Pepperoni,TheFourCheesePizza,0
Mozzarella Cheese,TheFourCheesePizza,0
 Provolone Cheese,TheFourCheesePizza,0
Spinach,TheFourCheesePizza,0
 Capocollo,TheFourCheesePizza,0
Ricotta Cheese,TheFourCheesePizza,0
 Pesto Sauce,TheFourCheesePizza,0
Eggplant,TheFourCheesePizza,0
 Italian Sausage,TheFourCheesePizza,0
 Plum Tomatoes,TheFourCheesePizza,0
 Romano Cheese,TheFourCheesePizza,0
 Cilantro,TheFourCheesePizza,0
 Green Peppers,TheFourCheesePizza,0
 Barbecue Sauce,TheFourCheesePizza,0
 Asiago Cheese,TheFourCheesePizza,0
 Gouda Cheese,TheFourCheesePizza,0
 Luganega Sausage,TheFourCheesePizza,0
 Smoked Gouda Cheese,TheFourCheesePizza,0
 Kalamata Olives,TheFourCheesePizza,0
 Garlic,TheFourCheesePizza,0
 Thyme,TheFourCheesePizza,0
 Mushrooms,TheFourCheesePizza,0
 Thai Sweet Chilli Sauce,TheFourCheesePizza,0
 Jalapeno Peppers,TheFourCheesePizza,0
 Onions,TheFourCheesePizza,0
Soppressata Salami,TheFourCheesePizza,0
 Sun-dried Tomatoes,TheFourCheesePizza,0
 Pears,TheFourCheesePizza,0
 Blue Cheese,TheFourCheesePizza,0
 Red Onions,TheFourCheesePizza,0
 Green Olives,TheFourCheesePizza,0
 Fontina Cheese,TheFourCheesePizza,0
Mushrooms,TheFourCheesePizza,0
 Gorgonzola Piccante Cheese,TheFourCheesePizza,0
Calabrese Salami,TheFourCheesePizza,0
Sliced Ham,TheFourCheesePizza,0
 Goat Cheese,TheFourCheesePizza,0
 Anchovies,TheFourCheesePizza,0
Chicken,TheFourCheesePizza,0
 Corn,TheFourCheesePizza,0
Prosciutto di San Daniele,TheFourCheesePizza,0
Kalamata Olives,TheFourCheesePizza,0
 Artichokes,TheFourCheesePizza,0
 Bacon,TheFourCheesePizza,0
 Alfredo Sauce,TheFourCheesePizza,0
 Parmigiano Reggiano Cheese,TheFourCheesePizza,0
 Spinach,TheFourCheesePizza,0
 Artichoke,TheFourCheesePizza,0
 Beef Chuck Roast,TheFourCheesePizza,0
 Pancetta,TheFourCheesePizza,0
 Red Peppers,TheFourCheesePizza,0
 Zucchini,TheFourCheesePizza,0
 Tomatoes,TheFourCheesePizza,0
 Arugula,TheFourCheesePizza,0
 Feta Cheese,TheFourCheesePizza,0
 Caramelized Onions,TheFourCheesePizza,0
 Pineapple,TheFourCheesePizza,0
Genoa Salami,TheFourCheesePizza,0
 Friggitello Peppers,TheFourCheesePizza,0
Brie Carre Cheese,TheFourCheesePizza,0
Coarse Sicilian Salami,TheFourCheesePizza,0
 Mozzarella Cheese,TheFourCheesePizza,0
Pepperoni,TheFourCheesePizza,0
Bacon,TheFourCheesePizza,0
 Chorizo Sausage,TheFourCheesePizza,0
?duja Salami,TheFourCheesePizza,0
 Chipotle Sauce,TheFourCheesePizza,0
Capocollo,TheFourCheesePizza,0
 Peperoncini verdi,TheFourCheesePizza,0
Barbecued Chicken,TheFourCheesePizza,0
 Prosciutto,TheFourCheesePizza,0
Tomatoes,TheBigMeatPizza,0
 Oregano,TheBigMeatPizza,0
 Pepperoni,TheBigMeatPizza,0
Mozzarella Cheese,TheBigMeatPizza,0
 Provolone Cheese,TheBigMeatPizza,0
Spinach,TheBigMeatPizza,0
 Capocollo,TheBigMeatPizza,0
Ricotta Cheese,TheBigMeatPizza,0
 Pesto Sauce,TheBigMeatPizza,0
Eggplant,TheBigMeatPizza,0
 Italian Sausage,TheBigMeatPizza,0
 Plum Tomatoes,TheBigMeatPizza,0
 Romano Cheese,TheBigMeatPizza,0
 Cilantro,TheBigMeatPizza,0
 Green Peppers,TheBigMeatPizza,0
 Barbecue Sauce,TheBigMeatPizza,0
 Asiago Cheese,TheBigMeatPizza,0
 Gouda Cheese,TheBigMeatPizza,0
 Luganega Sausage,TheBigMeatPizza,0
 Smoked Gouda Cheese,TheBigMeatPizza,0
 Kalamata Olives,TheBigMeatPizza,0
 Garlic,TheBigMeatPizza,0
 Thyme,TheBigMeatPizza,0
 Mushrooms,TheBigMeatPizza,0
 Thai Sweet Chilli Sauce,TheBigMeatPizza,0
 Jalapeno Peppers,TheBigMeatPizza,0
 Onions,TheBigMeatPizza,0
Soppressata Salami,TheBigMeatPizza,0
 Sun-dried Tomatoes,TheBigMeatPizza,0
 Pears,TheBigMeatPizza,0
 Blue Cheese,TheBigMeatPizza,0
 Red Onions,TheBigMeatPizza,0
 Green Olives,TheBigMeatPizza,0
 Fontina Cheese,TheBigMeatPizza,0
Mushrooms,TheBigMeatPizza,0
 Gorgonzola Piccante Cheese,TheBigMeatPizza,0
Calabrese Salami,TheBigMeatPizza,0
Sliced Ham,TheBigMeatPizza,0
 Goat Cheese,TheBigMeatPizza,0
 Anchovies,TheBigMeatPizza,0
Chicken,TheBigMeatPizza,0
 Corn,TheBigMeatPizza,0
Prosciutto di San Daniele,TheBigMeatPizza,0
Kalamata Olives,TheBigMeatPizza,0
 Artichokes,TheBigMeatPizza,0
 Bacon,TheBigMeatPizza,0
 Alfredo Sauce,TheBigMeatPizza,0
 Parmigiano Reggiano Cheese,TheBigMeatPizza,0
 Spinach,TheBigMeatPizza,0
 Artichoke,TheBigMeatPizza,0
 Beef Chuck Roast,TheBigMeatPizza,0
 Pancetta,TheBigMeatPizza,0
 Red Peppers,TheBigMeatPizza,0
 Zucchini,TheBigMeatPizza,0
 Tomatoes,TheBigMeatPizza,0
 Arugula,TheBigMeatPizza,0
 Feta Cheese,TheBigMeatPizza,0
 Caramelized Onions,TheBigMeatPizza,0
 Pineapple,TheBigMeatPizza,0
Genoa Salami,TheBigMeatPizza,0
 Friggitello Peppers,TheBigMeatPizza,0
Brie Carre Cheese,TheBigMeatPizza,0
Coarse Sicilian Salami,TheBigMeatPizza,0
 Mozzarella Cheese,TheBigMeatPizza,0
Pepperoni,TheBigMeatPizza,0
Bacon,TheBigMeatPizza,0
 Chorizo Sausage,TheBigMeatPizza,0
?duja Salami,TheBigMeatPizza,0
 Chipotle Sauce,TheBigMeatPizza,0
Capocollo,TheBigMeatPizza,0
 Peperoncini verdi,TheBigMeatPizza,0
Barbecued Chicken,TheBigMeatPizza,0
 Prosciutto,TheBigMeatPizza,0
Tomatoes,TheClassicDeluxePizza,0
 Oregano,TheClassicDeluxePizza,0
 Pepperoni,TheClassicDeluxePizza,0
Mozzarella Cheese,TheClassicDeluxePizza,0
 Provolone Cheese,TheClassicDeluxePizza,0
Spinach,TheClassicDeluxePizza,0
 Capocollo,TheClassicDeluxePizza,0
Ricotta Cheese,TheClassicDeluxePizza,0
 Pesto Sauce,TheClassicDeluxePizza,0
Eggplant,TheClassicDeluxePizza,0
 Italian Sausage,TheClassicDeluxePizza,0
 Plum Tomatoes,TheClassicDeluxePizza,0
 Romano Cheese,TheClassicDeluxePizza,0
 Cilantro,TheClassicDeluxePizza,0
 Green Peppers,TheClassicDeluxePizza,0
 Barbecue Sauce,TheClassicDeluxePizza,0
 Asiago Cheese,TheClassicDeluxePizza,0
 Gouda Cheese,TheClassicDeluxePizza,0
 Luganega Sausage,TheClassicDeluxePizza,0
 Smoked Gouda Cheese,TheClassicDeluxePizza,0
 Kalamata Olives,TheClassicDeluxePizza,0
 Garlic,TheClassicDeluxePizza,0
 Thyme,TheClassicDeluxePizza,0
 Mushrooms,TheClassicDeluxePizza,0
 Thai Sweet Chilli Sauce,TheClassicDeluxePizza,0
 Jalapeno Peppers,TheClassicDeluxePizza,0
 Onions,TheClassicDeluxePizza,0
Soppressata Salami,TheClassicDeluxePizza,0
 Sun-dried Tomatoes,TheClassicDeluxePizza,0
 Pears,TheClassicDeluxePizza,0
 Blue Cheese,TheClassicDeluxePizza,0
 Red Onions,TheClassicDeluxePizza,0
 Green Olives,TheClassicDeluxePizza,0
 Fontina Cheese,TheClassicDeluxePizza,0
Mushrooms,TheClassicDeluxePizza,0
 Gorgonzola Piccante Cheese,TheClassicDeluxePizza,0
Calabrese Salami,TheClassicDeluxePizza,0
Sliced Ham,TheClassicDeluxePizza,0
 Goat Cheese,TheClassicDeluxePizza,0
 Anchovies,TheClassicDeluxePizza,0
Chicken,TheClassicDeluxePizza,0
 Corn,TheClassicDeluxePizza,0
Prosciutto di San Daniele,TheClassicDeluxePizza,0
Kalamata Olives,TheClassicDeluxePizza,0
 Artichokes,TheClassicDeluxePizza,0
 Bacon,TheClassicDeluxePizza,0
 Alfredo Sauce,TheClassicDeluxePizza,0
 Parmigiano Reggiano Cheese,TheClassicDeluxePizza,0
 Spinach,TheClassicDeluxePizza,0
 Artichoke,TheClassicDeluxePizza,0
 Beef Chuck Roast,TheClassicDeluxePizza,0
 Pancetta,TheClassicDeluxePizza,0
 Red Peppers,TheClassicDeluxePizza,0
 Zucchini,TheClassicDeluxePizza,0
 Tomatoes,TheClassicDeluxePizza,0
 Arugula,TheClassicDeluxePizza,0
 Feta Cheese,TheClassicDeluxePizza,0
 Caramelized Onions,TheClassicDeluxePizza,0
 Pineapple,TheClassicDeluxePizza,0
Genoa Salami,TheClassicDeluxePizza,0
 Friggitello Peppers,TheClassicDeluxePizza,0
Brie Carre Cheese,TheClassicDeluxePizza,0
Coarse Sicilian Salami,TheClassicDeluxePizza,0
 Mozzarella Cheese,TheClassicDeluxePizza,0
Pepperoni,TheClassicDeluxePizza,0
Bacon,TheClassicDeluxePizza,0
 Chorizo Sausage,TheClassicDeluxePizza,0
?duja Salami,TheClassicDeluxePizza,0
 Chipotle Sauce,TheClassicDeluxePizza,0
Capocollo,TheClassicDeluxePizza,0
 Peperoncini verdi,TheClassicDeluxePizza,0
Barbecued Chicken,TheClassicDeluxePizza,0
 Prosciutto,TheClassicDeluxePizza,0
Tomatoes,TheSpinachandFetaPizza,0
 Oregano,TheSpinachandFetaPizza,0
 Pepperoni,TheSpinachandFetaPizza,0
Mozzarella Cheese,TheSpinachandFetaPizza,0
 Provolone Cheese,TheSpinachandFetaPizza,0
Spinach,TheSpinachandFetaPizza,0
 Capocollo,TheSpinachandFetaPizza,0
Ricotta Cheese,TheSpinachandFetaPizza,0
 Pesto Sauce,TheSpinachandFetaPizza,0
Eggplant,TheSpinachandFetaPizza,0
 Italian Sausage,TheSpinachandFetaPizza,0
 Plum Tomatoes,TheSpinachandFetaPizza,0
 Romano Cheese,TheSpinachandFetaPizza,0
 Cilantro,TheSpinachandFetaPizza,0
 Green Peppers,TheSpinachandFetaPizza,0
 Barbecue Sauce,TheSpinachandFetaPizza,0
 Asiago Cheese,TheSpinachandFetaPizza,0
 Gouda Cheese,TheSpinachandFetaPizza,0
 Luganega Sausage,TheSpinachandFetaPizza,0
 Smoked Gouda Cheese,TheSpinachandFetaPizza,0
 Kalamata Olives,TheSpinachandFetaPizza,0
 Garlic,TheSpinachandFetaPizza,0
 Thyme,TheSpinachandFetaPizza,0
 Mushrooms,TheSpinachandFetaPizza,0
 Thai Sweet Chilli Sauce,TheSpinachandFetaPizza,0
 Jalapeno Peppers,TheSpinachandFetaPizza,0
 Onions,TheSpinachandFetaPizza,0
Soppressata Salami,TheSpinachandFetaPizza,0
 Sun-dried Tomatoes,TheSpinachandFetaPizza,0
 Pears,TheSpinachandFetaPizza,0
 Blue Cheese,TheSpinachandFetaPizza,0
 Red Onions,TheSpinachandFetaPizza,0
 Green Olives,TheSpinachandFetaPizza,0
 Fontina Cheese,TheSpinachandFetaPizza,0
Mushrooms,TheSpinachandFetaPizza,0
 Gorgonzola Piccante Cheese,TheSpinachandFetaPizza,0
Calabrese Salami,TheSpinachandFetaPizza,0
Sliced Ham,TheSpinachandFetaPizza,0
 Goat Cheese,TheSpinachandFetaPizza,0
 Anchovies,TheSpinachandFetaPizza,0
Chicken,TheSpinachandFetaPizza,0
 Corn,TheSpinachandFetaPizza,0
Prosciutto di San Daniele,TheSpinachandFetaPizza,0
Kalamata Olives,TheSpinachandFetaPizza,0
 Artichokes,TheSpinachandFetaPizza,0
 Bacon,TheSpinachandFetaPizza,0
 Alfredo Sauce,TheSpinachandFetaPizza,0
 Parmigiano Reggiano Cheese,TheSpinachandFetaPizza,0
 Spinach,TheSpinachandFetaPizza,0
 Artichoke,TheSpinachandFetaPizza,0
 Beef Chuck Roast,TheSpinachandFetaPizza,0
 Pancetta,TheSpinachandFetaPizza,0
 Red Peppers,TheSpinachandFetaPizza,0
 Zucchini,TheSpinachandFetaPizza,0
 Tomatoes,TheSpinachandFetaPizza,0
 Arugula,TheSpinachandFetaPizza,0
 Feta Cheese,TheSpinachandFetaPizza,0
 Caramelized Onions,TheSpinachandFetaPizza,0
 Pineapple,TheSpinachandFetaPizza,0
Genoa Salami,TheSpinachandFetaPizza,0
 Friggitello Peppers,TheSpinachandFetaPizza,0
Brie Carre Cheese,TheSpinachandFetaPizza,0
Coarse Sicilian Salami,TheSpinachandFetaPizza,0
 Mozzarella Cheese,TheSpinachandFetaPizza,0
Pepperoni,TheSpinachandFetaPizza,0
Bacon,TheSpinachandFetaPizza,0
 Chorizo Sausage,TheSpinachandFetaPizza,0
?duja Salami,TheSpinachandFetaPizza,0
 Chipotle Sauce,TheSpinachandFetaPizza,0
Capocollo,TheSpinachandFetaPizza,0
 Peperoncini verdi,TheSpinachandFetaPizza,0
Barbecued Chicken,TheSpinachandFetaPizza,0
 Prosciutto,TheSpinachandFetaPizza,0
Tomatoes,TheSpinachSupremePizza,0
 Oregano,TheSpinachSupremePizza,0
 Pepperoni,TheSpinachSupremePizza,0
Mozzarella Cheese,TheSpinachSupremePizza,0
 Provolone Cheese,TheSpinachSupremePizza,0
Spinach,TheSpinachSupremePizza,0
 Capocollo,TheSpinachSupremePizza,0
Ricotta Cheese,TheSpinachSupremePizza,0
 Pesto Sauce,TheSpinachSupremePizza,0
Eggplant,TheSpinachSupremePizza,0
 Italian Sausage,TheSpinachSupremePizza,0
 Plum Tomatoes,TheSpinachSupremePizza,0
 Romano Cheese,TheSpinachSupremePizza,0
 Cilantro,TheSpinachSupremePizza,0
 Green Peppers,TheSpinachSupremePizza,0
 Barbecue Sauce,TheSpinachSupremePizza,0
 Asiago Cheese,TheSpinachSupremePizza,0
 Gouda Cheese,TheSpinachSupremePizza,0
 Luganega Sausage,TheSpinachSupremePizza,0
 Smoked Gouda Cheese,TheSpinachSupremePizza,0
 Kalamata Olives,TheSpinachSupremePizza,0
 Garlic,TheSpinachSupremePizza,0
 Thyme,TheSpinachSupremePizza,0
 Mushrooms,TheSpinachSupremePizza,0
 Thai Sweet Chilli Sauce,TheSpinachSupremePizza,0
 Jalapeno Peppers,TheSpinachSupremePizza,0
 Onions,TheSpinachSupremePizza,0
Soppressata Salami,TheSpinachSupremePizza,0
 Sun-dried Tomatoes,TheSpinachSupremePizza,0
 Pears,TheSpinachSupremePizza,0
 Blue Cheese,TheSpinachSupremePizza,0
 Red Onions,TheSpinachSupremePizza,0
 Green Olives,TheSpinachSupremePizza,0
 Fontina Cheese,TheSpinachSupremePizza,0
Mushrooms,TheSpinachSupremePizza,0
 Gorgonzola Piccante Cheese,TheSpinachSupremePizza,0
Calabrese Salami,TheSpinachSupremePizza,0
Sliced Ham,TheSpinachSupremePizza,0
 Goat Cheese,TheSpinachSupremePizza,0
 Anchovies,TheSpinachSupremePizza,0
Chicken,TheSpinachSupremePizza,0
 Corn,TheSpinachSupremePizza,0
Prosciutto di San Daniele,TheSpinachSupremePizza,0
Kalamata Olives,TheSpinachSupremePizza,0
 Artichokes,TheSpinachSupremePizza,0
 Bacon,TheSpinachSupremePizza,0
 Alfredo Sauce,TheSpinachSupremePizza,0
 Parmigiano Reggiano Cheese,TheSpinachSupremePizza,0
 Spinach,TheSpinachSupremePizza,0
 Artichoke,TheSpinachSupremePizza,0
 Beef Chuck Roast,TheSpinachSupremePizza,0
 Pancetta,TheSpinachSupremePizza,0
 Red Peppers,TheSpinachSupremePizza,0
 Zucchini,TheSpinachSupremePizza,0
 Tomatoes,TheSpinachSupremePizza,0
 Arugula,TheSpinachSupremePizza,0
 Feta Cheese,TheSpinachSupremePizza,0
 Caramelized Onions,TheSpinachSupremePizza,0
 Pineapple,TheSpinachSupremePizza,0
Genoa Salami,TheSpinachSupremePizza,0
 Friggitello Peppers,TheSpinachSupremePizza,0
Brie Carre Cheese,TheSpinachSupremePizza,0
Coarse Sicilian Salami,TheSpinachSupremePizza,0
 Mozzarella Cheese,TheSpinachSupremePizza,0
Pepperoni,TheSpinachSupremePizza,0
Bacon,TheSpinachSupremePizza,0
 Chorizo Sausage,TheSpinachSupremePizza,0
?duja Salami,TheSpinachSupremePizza,0
 Chipotle Sauce,TheSpinachSupremePizza,0
Capocollo,TheSpinachSupremePizza,0
 Peperoncini verdi,TheSpinachSupremePizza,0
Barbecued Chicken,TheSpinachSupremePizza,0
 Prosciutto,TheSpinachSupremePizza,0
Tomatoes,TheCaliforniaChickenPizza,0
 Oregano,TheCaliforniaChickenPizza,0
 Pepperoni,TheCaliforniaChickenPizza,0
Mozzarella Cheese,TheCaliforniaChickenPizza,0
 Provolone Cheese,TheCaliforniaChickenPizza,0
Spinach,TheCaliforniaChickenPizza,0
 Capocollo,TheCaliforniaChickenPizza,0
Ricotta Cheese,TheCaliforniaChickenPizza,0
 Pesto Sauce,TheCaliforniaChickenPizza,0
Eggplant,TheCaliforniaChickenPizza,0
 Italian Sausage,TheCaliforniaChickenPizza,0
 Plum Tomatoes,TheCaliforniaChickenPizza,0
 Romano Cheese,TheCaliforniaChickenPizza,0
 Cilantro,TheCaliforniaChickenPizza,0
 Green Peppers,TheCaliforniaChickenPizza,0
 Barbecue Sauce,TheCaliforniaChickenPizza,0
 Asiago Cheese,TheCaliforniaChickenPizza,0
 Gouda Cheese,TheCaliforniaChickenPizza,0
 Luganega Sausage,TheCaliforniaChickenPizza,0
 Smoked Gouda Cheese,TheCaliforniaChickenPizza,0
 Kalamata Olives,TheCaliforniaChickenPizza,0
 Garlic,TheCaliforniaChickenPizza,0
 Thyme,TheCaliforniaChickenPizza,0
 Mushrooms,TheCaliforniaChickenPizza,0
 Thai Sweet Chilli Sauce,TheCaliforniaChickenPizza,0
 Jalapeno Peppers,TheCaliforniaChickenPizza,0
 Onions,TheCaliforniaChickenPizza,0
Soppressata Salami,TheCaliforniaChickenPizza,0
 Sun-dried Tomatoes,TheCaliforniaChickenPizza,0
 Pears,TheCaliforniaChickenPizza,0
 Blue Cheese,TheCaliforniaChickenPizza,0
 Red Onions,TheCaliforniaChickenPizza,0
 Green Olives,TheCaliforniaChickenPizza,0
 Fontina Cheese,TheCaliforniaChickenPizza,0
Mushrooms,TheCaliforniaChickenPizza,0
 Gorgonzola Piccante Cheese,TheCaliforniaChickenPizza,0
Calabrese Salami,TheCaliforniaChickenPizza,0
Sliced Ham,TheCaliforniaChickenPizza,0
 Goat Cheese,TheCaliforniaChickenPizza,0
 Anchovies,TheCaliforniaChickenPizza,0
Chicken,TheCaliforniaChickenPizza,0
 Corn,TheCaliforniaChickenPizza,0
Prosciutto di San Daniele,TheCaliforniaChickenPizza,0
Kalamata Olives,TheCaliforniaChickenPizza,0
 Artichokes,TheCaliforniaChickenPizza,0
 Bacon,TheCaliforniaChickenPizza,0
 Alfredo Sauce,TheCaliforniaChickenPizza,0
 Parmigiano Reggiano Cheese,TheCaliforniaChickenPizza,0
 Spinach,TheCaliforniaChickenPizza,0
 Artichoke,TheCaliforniaChickenPizza,0
 Beef Chuck Roast,TheCaliforniaChickenPizza,0
 Pancetta,TheCaliforniaChickenPizza,0
 Red Peppers,TheCaliforniaChickenPizza,0
 Zucchini,TheCaliforniaChickenPizza,0
 Tomatoes,TheCaliforniaChickenPizza,0
 Arugula,TheCaliforniaChickenPizza,0
 Feta Cheese,TheCaliforniaChickenPizza,0
 Caramelized Onions,TheCaliforniaChickenPizza,0
 Pineapple,TheCaliforniaChickenPizza,0
Genoa Salami,TheCaliforniaChickenPizza,0
 Friggitello Peppers,TheCaliforniaChickenPizza,0
Brie Carre Cheese,TheCaliforniaChickenPizza,0
Coarse Sicilian Salami,TheCaliforniaChickenPizza,0
 Mozzarella Cheese,TheCaliforniaChickenPizza,0
Pepperoni,TheCaliforniaChickenPizza,0
Bacon,TheCaliforniaChickenPizza,0
 Chorizo Sausage,TheCaliforniaChickenPizza,0
?duja Salami,TheCaliforniaChickenPizza,0
 Chipotle Sauce,TheCaliforniaChickenPizza,0
Capocollo,TheCaliforniaChickenPizza,0
 Peperoncini verdi,TheCaliforniaChickenPizza,0
Barbecued Chicken,TheCaliforniaChickenPizza,0
 Prosciutto,TheCaliforniaChickenPizza,0
Tomatoes,TheThaiChickenPizza,0
 Oregano,TheThaiChickenPizza,0
 Pepperoni,TheThaiChickenPizza,0
Mozzarella Cheese,TheThaiChickenPizza,0
 Provolone Cheese,TheThaiChickenPizza,0
Spinach,TheThaiChickenPizza,0
 Capocollo,TheThaiChickenPizza,0
Ricotta Cheese,TheThaiChickenPizza,0
 Pesto Sauce,TheThaiChickenPizza,0
Eggplant,TheThaiChickenPizza,0
 Italian Sausage,TheThaiChickenPizza,0
 Plum Tomatoes,TheThaiChickenPizza,0
 Romano Cheese,TheThaiChickenPizza,0
 Cilantro,TheThaiChickenPizza,0
 Green Peppers,TheThaiChickenPizza,0
 Barbecue Sauce,TheThaiChickenPizza,0
 Asiago Cheese,TheThaiChickenPizza,0
 Gouda Cheese,TheThaiChickenPizza,0
 Luganega Sausage,TheThaiChickenPizza,0
 Smoked Gouda Cheese,TheThaiChickenPizza,0
 Kalamata Olives,TheThaiChickenPizza,0
 Garlic,TheThaiChickenPizza,0
 Thyme,TheThaiChickenPizza,0
 Mushrooms,TheThaiChickenPizza,0
 Thai Sweet Chilli Sauce,TheThaiChickenPizza,0
 Jalapeno Peppers,TheThaiChickenPizza,0
 Onions,TheThaiChickenPizza,0
Soppressata Salami,TheThaiChickenPizza,0
 Sun-dried Tomatoes,TheThaiChickenPizza,0
 Pears,TheThaiChickenPizza,0
 Blue Cheese,TheThaiChickenPizza,0
 Red Onions,TheThaiChickenPizza,0
 Green Olives,TheThaiChickenPizza,0
 Fontina Cheese,TheThaiChickenPizza,0
Mushrooms,TheThaiChickenPizza,0
 Gorgonzola Piccante Cheese,TheThaiChickenPizza,0
Calabrese Salami,TheThaiChickenPizza,0
Sliced Ham,TheThaiChickenPizza,0
 Goat Cheese,TheThaiChickenPizza,0
 Anchovies,TheThaiChickenPizza,0
Chicken,TheThaiChickenPizza,0
 Corn,TheThaiChickenPizza,0
Prosciutto di San Daniele,TheThaiChickenPizza,0
Kalamata Olives,TheThaiChickenPizza,0
 Artichokes,TheThaiChickenPizza,0
 Bacon,TheThaiChickenPizza,0
 Alfredo Sauce,TheThaiChickenPizza,0
 Parmigiano Reggiano Cheese,TheThaiChickenPizza,0
 Spinach,TheThaiChickenPizza,0
 Artichoke,TheThaiChickenPizza,0
 Beef Chuck Roast,TheThaiChickenPizza,0
 Pancetta,TheThaiChickenPizza,0
 Red Peppers,TheThaiChickenPizza,0
 Zucchini,TheThaiChickenPizza,0
 Tomatoes,TheThaiChickenPizza,0
 Arugula,TheThaiChickenPizza,0
 Feta Cheese,TheThaiChickenPizza,0
 Caramelized Onions,TheThaiChickenPizza,0
 Pineapple,TheThaiChickenPizza,0
Genoa Salami,TheThaiChickenPizza,0
 Friggitello Peppers,TheThaiChickenPizza,0
Brie Carre Cheese,TheThaiChickenPizza,0
Coarse Sicilian Salami,TheThaiChickenPizza,0
 Mozzarella Cheese,TheThaiChickenPizza,0
Pepperoni,TheThaiChickenPizza,0
Bacon,TheThaiChickenPizza,0
 Chorizo Sausage,TheThaiChickenPizza,0
?duja Salami,TheThaiChickenPizza,0
 Chipotle Sauce,TheThaiChickenPizza,0
Capocollo,TheThaiChickenPizza,0
 Peperoncini verdi,TheThaiChickenPizza,0
Barbecued Chicken,TheThaiChickenPizza,0
 Prosciutto,TheThaiChickenPizza,0
Tomatoes,TheProsciuttoandArugulaPizza,0
 Oregano,TheProsciuttoandArugulaPizza,0
 Pepperoni,TheProsciuttoandArugulaPizza,0
Mozzarella Cheese,TheProsciuttoandArugulaPizza,0
 Provolone Cheese,TheProsciuttoandArugulaPizza,0
Spinach,TheProsciuttoandArugulaPizza,0
 Capocollo,TheProsciuttoandArugulaPizza,0
Ricotta Cheese,TheProsciuttoandArugulaPizza,0
 Pesto Sauce,TheProsciuttoandArugulaPizza,0
Eggplant,TheProsciuttoandArugulaPizza,0
 Italian Sausage,TheProsciuttoandArugulaPizza,0
 Plum Tomatoes,TheProsciuttoandArugulaPizza,0
 Romano Cheese,TheProsciuttoandArugulaPizza,0
 Cilantro,TheProsciuttoandArugulaPizza,0
 Green Peppers,TheProsciuttoandArugulaPizza,0
 Barbecue Sauce,TheProsciuttoandArugulaPizza,0
 Asiago Cheese,TheProsciuttoandArugulaPizza,0
 Gouda Cheese,TheProsciuttoandArugulaPizza,0
 Luganega Sausage,TheProsciuttoandArugulaPizza,0
 Smoked Gouda Cheese,TheProsciuttoandArugulaPizza,0
 Kalamata Olives,TheProsciuttoandArugulaPizza,0
 Garlic,TheProsciuttoandArugulaPizza,0
 Thyme,TheProsciuttoandArugulaPizza,0
 Mushrooms,TheProsciuttoandArugulaPizza,0
 Thai Sweet Chilli Sauce,TheProsciuttoandArugulaPizza,0
 Jalapeno Peppers,TheProsciuttoandArugulaPizza,0
 Onions,TheProsciuttoandArugulaPizza,0
Soppressata Salami,TheProsciuttoandArugulaPizza,0
 Sun-dried Tomatoes,TheProsciuttoandArugulaPizza,0
 Pears,TheProsciuttoandArugulaPizza,0
 Blue Cheese,TheProsciuttoandArugulaPizza,0
 Red Onions,TheProsciuttoandArugulaPizza,0
 Green Olives,TheProsciuttoandArugulaPizza,0
 Fontina Cheese,TheProsciuttoandArugulaPizza,0
Mushrooms,TheProsciuttoandArugulaPizza,0
 Gorgonzola Piccante Cheese,TheProsciuttoandArugulaPizza,0
Calabrese Salami,TheProsciuttoandArugulaPizza,0
Sliced Ham,TheProsciuttoandArugulaPizza,0
 Goat Cheese,TheProsciuttoandArugulaPizza,0
 Anchovies,TheProsciuttoandArugulaPizza,0
Chicken,TheProsciuttoandArugulaPizza,0
 Corn,TheProsciuttoandArugulaPizza,0
Prosciutto di San Daniele,TheProsciuttoandArugulaPizza,0
Kalamata Olives,TheProsciuttoandArugulaPizza,0
 Artichokes,TheProsciuttoandArugulaPizza,0
 Bacon,TheProsciuttoandArugulaPizza,0
 Alfredo Sauce,TheProsciuttoandArugulaPizza,0
 Parmigiano Reggiano Cheese,TheProsciuttoandArugulaPizza,0
 Spinach,TheProsciuttoandArugulaPizza,0
 Artichoke,TheProsciuttoandArugulaPizza,0
 Beef Chuck Roast,TheProsciuttoandArugulaPizza,0
 Pancetta,TheProsciuttoandArugulaPizza,0
 Red Peppers,TheProsciuttoandArugulaPizza,0
 Zucchini,TheProsciuttoandArugulaPizza,0
 Tomatoes,TheProsciuttoandArugulaPizza,0
 Arugula,TheProsciuttoandArugulaPizza,0
 Feta Cheese,TheProsciuttoandArugulaPizza,0
 Caramelized Onions,TheProsciuttoandArugulaPizza,0
 Pineapple,TheProsciuttoandArugulaPizza,0
Genoa Salami,TheProsciuttoandArugulaPizza,0
 Friggitello Peppers,TheProsciuttoandArugulaPizza,0
Brie Carre Cheese,TheProsciuttoandArugulaPizza,0
Coarse Sicilian Salami,TheProsciuttoandArugulaPizza,0
 Mozzarella Cheese,TheProsciuttoandArugulaPizza,0
Pepperoni,TheProsciuttoandArugulaPizza,0
Bacon,TheProsciuttoandArugulaPizza,0
 Chorizo Sausage,TheProsciuttoandArugulaPizza,0
?duja Salami,TheProsciuttoandArugulaPizza,0
 Chipotle Sauce,TheProsciuttoandArugulaPizza,0
Capocollo,TheProsciuttoandArugulaPizza,0
 Peperoncini verdi,TheProsciuttoandArugulaPizza,0
Barbecued Chicken,TheProsciuttoandArugulaPizza,0
 Prosciutto,TheProsciuttoandArugulaPizza,0
Tomatoes,TheGreekPizza,0
 Oregano,TheGreekPizza,0
 Pepperoni,TheGreekPizza,0
Mozzarella Cheese,TheGreekPizza,0
 Provolone Cheese,TheGreekPizza,0
Spinach,TheGreekPizza,0
 Capocollo,TheGreekPizza,0
Ricotta Cheese,TheGreekPizza,0
 Pesto Sauce,TheGreekPizza,0
Eggplant,TheGreekPizza,0
 Italian Sausage,TheGreekPizza,0
 Plum Tomatoes,TheGreekPizza,0
 Romano Cheese,TheGreekPizza,0
 Cilantro,TheGreekPizza,0
 Green Peppers,TheGreekPizza,0
 Barbecue Sauce,TheGreekPizza,0
 Asiago Cheese,TheGreekPizza,0
 Gouda Cheese,TheGreekPizza,0
 Luganega Sausage,TheGreekPizza,0
 Smoked Gouda Cheese,TheGreekPizza,0
 Kalamata Olives,TheGreekPizza,0
 Garlic,TheGreekPizza,0
 Thyme,TheGreekPizza,0
 Mushrooms,TheGreekPizza,0
 Thai Sweet Chilli Sauce,TheGreekPizza,0
 Jalapeno Peppers,TheGreekPizza,0
 Onions,TheGreekPizza,0
Soppressata Salami,TheGreekPizza,0
 Sun-dried Tomatoes,TheGreekPizza,0
 Pears,TheGreekPizza,0
 Blue Cheese,TheGreekPizza,0
 Red Onions,TheGreekPizza,0
 Green Olives,TheGreekPizza,0
 Fontina Cheese,TheGreekPizza,0
Mushrooms,TheGreekPizza,0
 Gorgonzola Piccante Cheese,TheGreekPizza,0
Calabrese Salami,TheGreekPizza,0
Sliced Ham,TheGreekPizza,0
 Goat Cheese,TheGreekPizza,0
 Anchovies,TheGreekPizza,0
Chicken,TheGreekPizza,0
 Corn,TheGreekPizza,0
Prosciutto di San Daniele,TheGreekPizza,0
Kalamata Olives,TheGreekPizza,0
 Artichokes,TheGreekPizza,0
 Bacon,TheGreekPizza,0
 Alfredo Sauce,TheGreekPizza,0
 Parmigiano Reggiano Cheese,TheGreekPizza,0
 Spinach,TheGreekPizza,0
 Artichoke,TheGreekPizza,0
 Beef Chuck Roast,TheGreekPizza,0
 Pancetta,TheGreekPizza,0
 Red Peppers,TheGreekPizza,0
 Zucchini,TheGreekPizza,0
 Tomatoes,TheGreekPizza,0
 Arugula,TheGreekPizza,0
 Feta Cheese,TheGreekPizza,0
 Caramelized Onions,TheGreekPizza,0
 Pineapple,TheGreekPizza,0
Genoa Salami,TheGreekPizza,0
 Friggitello Peppers,TheGreekPizza,0
Brie Carre Cheese,TheGreekPizza,0
Coarse Sicilian Salami,TheGreekPizza,0
 Mozzarella Cheese,TheGreekPizza,0
Pepperoni,TheGreekPizza,0
Bacon,TheGreekPizza,0
 Chorizo Sausage,TheGreekPizza,0
?duja Salami,TheGreekPizza,0
 Chipotle Sauce,TheGreekPizza,0
Capocollo,TheGreekPizza,0
 Peperoncini verdi,TheGreekPizza,0
Barbecued Chicken,TheGreekPizza,0
 Prosciutto,TheGreekPizza,0
Tomatoes,TheFiveCheesePizza,0
 Oregano,TheFiveCheesePizza,0
 Pepperoni,TheFiveCheesePizza,0
Mozzarella Cheese,TheFiveCheesePizza,0
 Provolone Cheese,TheFiveCheesePizza,0
Spinach,TheFiveCheesePizza,0
 Capocollo,TheFiveCheesePizza,0
Ricotta Cheese,TheFiveCheesePizza,0
 Pesto Sauce,TheFiveCheesePizza,0
Eggplant,TheFiveCheesePizza,0
 Italian Sausage,TheFiveCheesePizza,0
 Plum Tomatoes,TheFiveCheesePizza,0
 Romano Cheese,TheFiveCheesePizza,0
 Cilantro,TheFiveCheesePizza,0
 Green Peppers,TheFiveCheesePizza,0
 Barbecue Sauce,TheFiveCheesePizza,0
 Asiago Cheese,TheFiveCheesePizza,0
 Gouda Cheese,TheFiveCheesePizza,0
 Luganega Sausage,TheFiveCheesePizza,0
 Smoked Gouda Cheese,TheFiveCheesePizza,0
 Kalamata Olives,TheFiveCheesePizza,0
 Garlic,TheFiveCheesePizza,0
 Thyme,TheFiveCheesePizza,0
 Mushrooms,TheFiveCheesePizza,0
 Thai Sweet Chilli Sauce,TheFiveCheesePizza,0
 Jalapeno Peppers,TheFiveCheesePizza,0
 Onions,TheFiveCheesePizza,0
Soppressata Salami,TheFiveCheesePizza,0
 Sun-dried Tomatoes,TheFiveCheesePizza,0
 Pears,TheFiveCheesePizza,0
 Blue Cheese,TheFiveCheesePizza,0
 Red Onions,TheFiveCheesePizza,0
 Green Olives,TheFiveCheesePizza,0
 Fontina Cheese,TheFiveCheesePizza,0
Mushrooms,TheFiveCheesePizza,0
 Gorgonzola Piccante Cheese,TheFiveCheesePizza,0
Calabrese Salami,TheFiveCheesePizza,0
Sliced Ham,TheFiveCheesePizza,0
 Goat Cheese,TheFiveCheesePizza,0
 Anchovies,TheFiveCheesePizza,0
Chicken,TheFiveCheesePizza,0
 Corn,TheFiveCheesePizza,0
Prosciutto di San Daniele,TheFiveCheesePizza,0
Kalamata Olives,TheFiveCheesePizza,0
 Artichokes,TheFiveCheesePizza,0
 Bacon,TheFiveCheesePizza,0
 Alfredo Sauce,TheFiveCheesePizza,0
 Parmigiano Reggiano Cheese,TheFiveCheesePizza,0
 Spinach,TheFiveCheesePizza,0
 Artichoke,TheFiveCheesePizza,0
 Beef Chuck Roast,TheFiveCheesePizza,0
 Pancetta,TheFiveCheesePizza,0
 Red Peppers,TheFiveCheesePizza,0
 Zucchini,TheFiveCheesePizza,0
 Tomatoes,TheFiveCheesePizza,0
 Arugula,TheFiveCheesePizza,0
 Feta Cheese,TheFiveCheesePizza,0
 Caramelized Onions,TheFiveCheesePizza,0
 Pineapple,TheFiveCheesePizza,0
Genoa Salami,TheFiveCheesePizza,0
 Friggitello Peppers,TheFiveCheesePizza,0
Brie Carre Cheese,TheFiveCheesePizza,0
Coarse Sicilian Salami,TheFiveCheesePizza,0
 Mozzarella Cheese,TheFiveCheesePizza,0
Pepperoni,TheFiveCheesePizza,0
Bacon,TheFiveCheesePizza,0
 Chorizo Sausage,TheFiveCheesePizza,0
?duja Salami,TheFiveCheesePizza,0
 Chipotle Sauce,TheFiveCheesePizza,0
Capocollo,TheFiveCheesePizza,0
 Peperoncini verdi,TheFiveCheesePizza,0
Barbecued Chicken,TheFiveCheesePizza,0
 Prosciutto,TheFiveCheesePizza,0
Tomatoes,TheBrieCarrePizza,0
 Oregano,TheBrieCarrePizza,0
 Pepperoni,TheBrieCarrePizza,0
Mozzarella Cheese,TheBrieCarrePizza,0
 Provolone Cheese,TheBrieCarrePizza,0
Spinach,TheBrieCarrePizza,0
 Capocollo,TheBrieCarrePizza,0
Ricotta Cheese,TheBrieCarrePizza,0
 Pesto Sauce,TheBrieCarrePizza,0
Eggplant,TheBrieCarrePizza,0
 Italian Sausage,TheBrieCarrePizza,0
 Plum Tomatoes,TheBrieCarrePizza,0
 Romano Cheese,TheBrieCarrePizza,0
 Cilantro,TheBrieCarrePizza,0
 Green Peppers,TheBrieCarrePizza,0
 Barbecue Sauce,TheBrieCarrePizza,0
 Asiago Cheese,TheBrieCarrePizza,0
 Gouda Cheese,TheBrieCarrePizza,0
 Luganega Sausage,TheBrieCarrePizza,0
 Smoked Gouda Cheese,TheBrieCarrePizza,0
 Kalamata Olives,TheBrieCarrePizza,0
 Garlic,TheBrieCarrePizza,0
 Thyme,TheBrieCarrePizza,0
 Mushrooms,TheBrieCarrePizza,0
 Thai Sweet Chilli Sauce,TheBrieCarrePizza,0
 Jalapeno Peppers,TheBrieCarrePizza,0
 Onions,TheBrieCarrePizza,0
Soppressata Salami,TheBrieCarrePizza,0
 Sun-dried Tomatoes,TheBrieCarrePizza,0
 Pears,TheBrieCarrePizza,0
 Blue Cheese,TheBrieCarrePizza,0
 Red Onions,TheBrieCarrePizza,0
 Green Olives,TheBrieCarrePizza,0
 Fontina Cheese,TheBrieCarrePizza,0
Mushrooms,TheBrieCarrePizza,0
 Gorgonzola Piccante Cheese,TheBrieCarrePizza,0
Calabrese Salami,TheBrieCarrePizza,0
Sliced Ham,TheBrieCarrePizza,0
 Goat Cheese,TheBrieCarrePizza,0
 Anchovies,TheBrieCarrePizza,0
Chicken,TheBrieCarrePizza,0
 Corn,TheBrieCarrePizza,0
Prosciutto di San Daniele,TheBrieCarrePizza,0
Kalamata Olives,TheBrieCarrePizza,0
 Artichokes,TheBrieCarrePizza,0
 Bacon,TheBrieCarrePizza,0
 Alfredo Sauce,TheBrieCarrePizza,0
 Parmigiano Reggiano Cheese,TheBrieCarrePizza,0
 Spinach,TheBrieCarrePizza,0
 Artichoke,TheBrieCarrePizza,0
 Beef Chuck Roast,TheBrieCarrePizza,0
 Pancetta,TheBrieCarrePizza,0
 Red Peppers,TheBrieCarrePizza,0
 Zucchini,TheBrieCarrePizza,0
 Tomatoes,TheBrieCarrePizza,0
 Arugula,TheBrieCarrePizza,0
 Feta Cheese,TheBrieCarrePizza,0
 Caramelized Onions,TheBrieCarrePizza,0
 Pineapple,TheBrieCarrePizza,0
Genoa Salami,TheBrieCarrePizza,0
 Friggitello Peppers,TheBrieCarrePizza,0
Brie Carre Cheese,TheBrieCarrePizza,0
Coarse Sicilian Salami,TheBrieCarrePizza,0
 Mozzarella Cheese,TheBrieCarrePizza,0
Pepperoni,TheBrieCarrePizza,0
Bacon,TheBrieCarrePizza,0
 Chorizo Sausage,TheBrieCarrePizza,0
?duja Salami,TheBrieCarrePizza,0
 Chipotle Sauce,TheBrieCarrePizza,0
Capocollo,TheBrieCarrePizza,0
 Peperoncini verdi,TheBrieCarrePizza,0
Barbecued Chicken,TheBrieCarrePizza,0
 Prosciutto,TheBrieCarrePizza,0
Tomatoes,TheHawaiianPizza,0
 Oregano,TheHawaiianPizza,0
 Pepperoni,TheHawaiianPizza,0
Mozzarella Cheese,TheHawaiianPizza,0
 Provolone Cheese,TheHawaiianPizza,0
Spinach,TheHawaiianPizza,0
 Capocollo,TheHawaiianPizza,0
Ricotta Cheese,TheHawaiianPizza,0
 Pesto Sauce,TheHawaiianPizza,0
Eggplant,TheHawaiianPizza,0
 Italian Sausage,TheHawaiianPizza,0
 Plum Tomatoes,TheHawaiianPizza,0
 Romano Cheese,TheHawaiianPizza,0
 Cilantro,TheHawaiianPizza,0
 Green Peppers,TheHawaiianPizza,0
 Barbecue Sauce,TheHawaiianPizza,0
 Asiago Cheese,TheHawaiianPizza,0
 Gouda Cheese,TheHawaiianPizza,0
 Luganega Sausage,TheHawaiianPizza,0
 Smoked Gouda Cheese,TheHawaiianPizza,0
 Kalamata Olives,TheHawaiianPizza,0
 Garlic,TheHawaiianPizza,0
 Thyme,TheHawaiianPizza,0
 Mushrooms,TheHawaiianPizza,0
 Thai Sweet Chilli Sauce,TheHawaiianPizza,0
 Jalapeno Peppers,TheHawaiianPizza,0
 Onions,TheHawaiianPizza,0
Soppressata Salami,TheHawaiianPizza,0
 Sun-dried Tomatoes,TheHawaiianPizza,0
 Pears,TheHawaiianPizza,0
 Blue Cheese,TheHawaiianPizza,0
 Red Onions,TheHawaiianPizza,0
 Green Olives,TheHawaiianPizza,0
 Fontina Cheese,TheHawaiianPizza,0
Mushrooms,TheHawaiianPizza,0
 Gorgonzola Piccante Cheese,TheHawaiianPizza,0
Calabrese Salami,TheHawaiianPizza,0
Sliced Ham,TheHawaiianPizza,0
 Goat Cheese,TheHawaiianPizza,0
 Anchovies,TheHawaiianPizza,0
Chicken,TheHawaiianPizza,0
 Corn,TheHawaiianPizza,0
Prosciutto di San Daniele,TheHawaiianPizza,0
Kalamata Olives,TheHawaiianPizza,0
 Artichokes,TheHawaiianPizza,0
 Bacon,TheHawaiianPizza,0
 Alfredo Sauce,TheHawaiianPizza,0
 Parmigiano Reggiano Cheese,TheHawaiianPizza,0
 Spinach,TheHawaiianPizza,0
 Artichoke,TheHawaiianPizza,0
 Beef Chuck Roast,TheHawaiianPizza,0
 Pancetta,TheHawaiianPizza,0
 Red Peppers,TheHawaiianPizza,0
 Zucchini,TheHawaiianPizza,0
 Tomatoes,TheHawaiianPizza,0
 Arugula,TheHawaiianPizza,0
 Feta Cheese,TheHawaiianPizza,0
 Caramelized Onions,TheHawaiianPizza,0
 Pineapple,TheHawaiianPizza,0
Genoa Salami,TheHawaiianPizza,0
 Friggitello Peppers,TheHawaiianPizza,0
Brie Carre Cheese,TheHawaiianPizza,0
Coarse Sicilian Salami,TheHawaiianPizza,0
 Mozzarella Cheese,TheHawaiianPizza,0
Pepperoni,TheHawaiianPizza,0
Bacon,TheHawaiianPizza,0
 Chorizo Sausage,TheHawaiianPizza,0
?duja Salami,TheHawaiianPizza,0
 Chipotle Sauce,TheHawaiianPizza,0
Capocollo,TheHawaiianPizza,0
 Peperoncini verdi,TheHawaiianPizza,0
Barbecued Chicken,TheHawaiianPizza,0
 Prosciutto,TheHawaiianPizza,0
Tomatoes,TheGreenGardenPizza,0
 Oregano,TheGreenGardenPizza,0
 Pepperoni,TheGreenGardenPizza,0
Mozzarella Cheese,TheGreenGardenPizza,0
 Provolone Cheese,TheGreenGardenPizza,0
Spinach,TheGreenGardenPizza,0
 Capocollo,TheGreenGardenPizza,0
Ricotta Cheese,TheGreenGardenPizza,0
 Pesto Sauce,TheGreenGardenPizza,0
Eggplant,TheGreenGardenPizza,0
 Italian Sausage,TheGreenGardenPizza,0
 Plum Tomatoes,TheGreenGardenPizza,0
 Romano Cheese,TheGreenGardenPizza,0
 Cilantro,TheGreenGardenPizza,0
 Green Peppers,TheGreenGardenPizza,0
 Barbecue Sauce,TheGreenGardenPizza,0
 Asiago Cheese,TheGreenGardenPizza,0
 Gouda Cheese,TheGreenGardenPizza,0
 Luganega Sausage,TheGreenGardenPizza,0
 Smoked Gouda Cheese,TheGreenGardenPizza,0
 Kalamata Olives,TheGreenGardenPizza,0
 Garlic,TheGreenGardenPizza,0
 Thyme,TheGreenGardenPizza,0
 Mushrooms,TheGreenGardenPizza,0
 Thai Sweet Chilli Sauce,TheGreenGardenPizza,0
 Jalapeno Peppers,TheGreenGardenPizza,0
 Onions,TheGreenGardenPizza,0
Soppressata Salami,TheGreenGardenPizza,0
 Sun-dried Tomatoes,TheGreenGardenPizza,0
 Pears,TheGreenGardenPizza,0
 Blue Cheese,TheGreenGardenPizza,0
 Red Onions,TheGreenGardenPizza,0
 Green Olives,TheGreenGardenPizza,0
 Fontina Cheese,TheGreenGardenPizza,0
Mushrooms,TheGreenGardenPizza,0
 Gorgonzola Piccante Cheese,TheGreenGardenPizza,0
Calabrese Salami,TheGreenGardenPizza,0
Sliced Ham,TheGreenGardenPizza,0
 Goat Cheese,TheGreenGardenPizza,0
 Anchovies,TheGreenGardenPizza,0
Chicken,TheGreenGardenPizza,0
 Corn,TheGreenGardenPizza,0
Prosciutto di San Daniele,TheGreenGardenPizza,0
Kalamata Olives,TheGreenGardenPizza,0
 Artichokes,TheGreenGardenPizza,0
 Bacon,TheGreenGardenPizza,0
 Alfredo Sauce,TheGreenGardenPizza,0
 Parmigiano Reggiano Cheese,TheGreenGardenPizza,0
 Spinach,TheGreenGardenPizza,0
 Artichoke,TheGreenGardenPizza,0
 Beef Chuck Roast,TheGreenGardenPizza,0
 Pancetta,TheGreenGardenPizza,0
 Red Peppers,TheGreenGardenPizza,0
 Zucchini,TheGreenGardenPizza,0
 Tomatoes,TheGreenGardenPizza,0
 Arugula,TheGreenGardenPizza,0
 Feta Cheese,TheGreenGardenPizza,0
 Caramelized Onions,TheGreenGardenPizza,0
 Pineapple,TheGreenGardenPizza,0
Genoa Salami,TheGreenGardenPizza,0
 Friggitello Peppers,TheGreenGardenPizza,0
Brie Carre Cheese,TheGreenGardenPizza,0
Coarse Sicilian Salami,TheGreenGardenPizza,0
 Mozzarella Cheese,TheGreenGardenPizza,0
Pepperoni,TheGreenGardenPizza,0
Bacon,TheGreenGardenPizza,0
 Chorizo Sausage,TheGreenGardenPizza,0
?duja Salami,TheGreenGardenPizza,0
 Chipotle Sauce,TheGreenGardenPizza,0
Capocollo,TheGreenGardenPizza,0
 Peperoncini verdi,TheGreenGardenPizza,0
Barbecued Chicken,TheGreenGardenPizza,0
 Prosciutto,TheGreenGardenPizza,0
Tomatoes,TheVegetablesVegetablesPizza,0
 Oregano,TheVegetablesVegetablesPizza,0
 Pepperoni,TheVegetablesVegetablesPizza,0
Mozzarella Cheese,TheVegetablesVegetablesPizza,0
 Provolone Cheese,TheVegetablesVegetablesPizza,0
Spinach,TheVegetablesVegetablesPizza,0
 Capocollo,TheVegetablesVegetablesPizza,0
Ricotta Cheese,TheVegetablesVegetablesPizza,0
 Pesto Sauce,TheVegetablesVegetablesPizza,0
Eggplant,TheVegetablesVegetablesPizza,0
 Italian Sausage,TheVegetablesVegetablesPizza,0
 Plum Tomatoes,TheVegetablesVegetablesPizza,0
 Romano Cheese,TheVegetablesVegetablesPizza,0
 Cilantro,TheVegetablesVegetablesPizza,0
 Green Peppers,TheVegetablesVegetablesPizza,0
 Barbecue Sauce,TheVegetablesVegetablesPizza,0
 Asiago Cheese,TheVegetablesVegetablesPizza,0
 Gouda Cheese,TheVegetablesVegetablesPizza,0
 Luganega Sausage,TheVegetablesVegetablesPizza,0
 Smoked Gouda Cheese,TheVegetablesVegetablesPizza,0
 Kalamata Olives,TheVegetablesVegetablesPizza,0
 Garlic,TheVegetablesVegetablesPizza,0
 Thyme,TheVegetablesVegetablesPizza,0
 Mushrooms,TheVegetablesVegetablesPizza,0
 Thai Sweet Chilli Sauce,TheVegetablesVegetablesPizza,0
 Jalapeno Peppers,TheVegetablesVegetablesPizza,0
 Onions,TheVegetablesVegetablesPizza,0
Soppressata Salami,TheVegetablesVegetablesPizza,0
 Sun-dried Tomatoes,TheVegetablesVegetablesPizza,0
 Pears,TheVegetablesVegetablesPizza,0
 Blue Cheese,TheVegetablesVegetablesPizza,0
 Red Onions,TheVegetablesVegetablesPizza,0
 Green Olives,TheVegetablesVegetablesPizza,0
 Fontina Cheese,TheVegetablesVegetablesPizza,0
Mushrooms,TheVegetablesVegetablesPizza,0
 Gorgonzola Piccante Cheese,TheVegetablesVegetablesPizza,0
Calabrese Salami,TheVegetablesVegetablesPizza,0
Sliced Ham,TheVegetablesVegetablesPizza,0
 Goat Cheese,TheVegetablesVegetablesPizza,0
 Anchovies,TheVegetablesVegetablesPizza,0
Chicken,TheVegetablesVegetablesPizza,0
 Corn,TheVegetablesVegetablesPizza,0
Prosciutto di San Daniele,TheVegetablesVegetablesPizza,0
Kalamata Olives,TheVegetablesVegetablesPizza,0
 Artichokes,TheVegetablesVegetablesPizza,0
 Bacon,TheVegetablesVegetablesPizza,0
 Alfredo Sauce,TheVegetablesVegetablesPizza,0
 Parmigiano Reggiano Cheese,TheVegetablesVegetablesPizza,0
 Spinach,TheVegetablesVegetablesPizza,0
 Artichoke,TheVegetablesVegetablesPizza,0
 Beef Chuck Roast,TheVegetablesVegetablesPizza,0
 Pancetta,TheVegetablesVegetablesPizza,0
 Red Peppers,TheVegetablesVegetablesPizza,0
 Zucchini,TheVegetablesVegetablesPizza,0
 Tomatoes,TheVegetablesVegetablesPizza,0
 Arugula,TheVegetablesVegetablesPizza,0
 Feta Cheese,TheVegetablesVegetablesPizza,0
 Caramelized Onions,TheVegetablesVegetablesPizza,0
 Pineapple,TheVegetablesVegetablesPizza,0
Genoa Salami,TheVegetablesVegetablesPizza,0
 Friggitello Peppers,TheVegetablesVegetablesPizza,0
Brie Carre Cheese,TheVegetablesVegetablesPizza,0
Coarse Sicilian Salami,TheVegetablesVegetablesPizza,0
 Mozzarella Cheese,TheVegetablesVegetablesPizza,0
Pepperoni,TheVegetablesVegetablesPizza,0
Bacon,TheVegetablesVegetablesPizza,0
 Chorizo Sausage,TheVegetablesVegetablesPizza,0
?duja Salami,TheVegetablesVegetablesPizza,0
 Chipotle Sauce,TheVegetablesVegetablesPizza,0
Capocollo,TheVegetablesVegetablesPizza,0
 Peperoncini verdi,TheVegetablesVegetablesPizza,0
Barbecued Chicken,TheVegetablesVegetablesPizza,0
 Prosciutto,TheVegetablesVegetablesPizza,0
Tomatoes,TheBarbecueChickenPizza,0
 Oregano,TheBarbecueChickenPizza,0
 Pepperoni,TheBarbecueChickenPizza,0
Mozzarella Cheese,TheBarbecueChickenPizza,0
 Provolone Cheese,TheBarbecueChickenPizza,0
Spinach,TheBarbecueChickenPizza,0
 Capocollo,TheBarbecueChickenPizza,0
Ricotta Cheese,TheBarbecueChickenPizza,0
 Pesto Sauce,TheBarbecueChickenPizza,0
Eggplant,TheBarbecueChickenPizza,0
 Italian Sausage,TheBarbecueChickenPizza,0
 Plum Tomatoes,TheBarbecueChickenPizza,0
 Romano Cheese,TheBarbecueChickenPizza,0
 Cilantro,TheBarbecueChickenPizza,0
 Green Peppers,TheBarbecueChickenPizza,0
 Barbecue Sauce,TheBarbecueChickenPizza,0
 Asiago Cheese,TheBarbecueChickenPizza,0
 Gouda Cheese,TheBarbecueChickenPizza,0
 Luganega Sausage,TheBarbecueChickenPizza,0
 Smoked Gouda Cheese,TheBarbecueChickenPizza,0
 Kalamata Olives,TheBarbecueChickenPizza,0
 Garlic,TheBarbecueChickenPizza,0
 Thyme,TheBarbecueChickenPizza,0
 Mushrooms,TheBarbecueChickenPizza,0
 Thai Sweet Chilli Sauce,TheBarbecueChickenPizza,0
 Jalapeno Peppers,TheBarbecueChickenPizza,0
 Onions,TheBarbecueChickenPizza,0
Soppressata Salami,TheBarbecueChickenPizza,0
 Sun-dried Tomatoes,TheBarbecueChickenPizza,0
 Pears,TheBarbecueChickenPizza,0
 Blue Cheese,TheBarbecueChickenPizza,0
 Red Onions,TheBarbecueChickenPizza,0
 Green Olives,TheBarbecueChickenPizza,0
 Fontina Cheese,TheBarbecueChickenPizza,0
Mushrooms,TheBarbecueChickenPizza,0
 Gorgonzola Piccante Cheese,TheBarbecueChickenPizza,0
Calabrese Salami,TheBarbecueChickenPizza,0
Sliced Ham,TheBarbecueChickenPizza,0
 Goat Cheese,TheBarbecueChickenPizza,0
 Anchovies,TheBarbecueChickenPizza,0
Chicken,TheBarbecueChickenPizza,0
 Corn,TheBarbecueChickenPizza,0
Prosciutto di San Daniele,TheBarbecueChickenPizza,0
Kalamata Olives,TheBarbecueChickenPizza,0
 Artichokes,TheBarbecueChickenPizza,0
 Bacon,TheBarbecueChickenPizza,0
 Alfredo Sauce,TheBarbecueChickenPizza,0
 Parmigiano Reggiano Cheese,TheBarbecueChickenPizza,0
 Spinach,TheBarbecueChickenPizza,0
 Artichoke,TheBarbecueChickenPizza,0
 Beef Chuck Roast,TheBarbecueChickenPizza,0
 Pancetta,TheBarbecueChickenPizza,0
 Red Peppers,TheBarbecueChickenPizza,0
 Zucchini,TheBarbecueChickenPizza,0
 Tomatoes,TheBarbecueChickenPizza,0
 Arugula,TheBarbecueChickenPizza,0
 Feta Cheese,TheBarbecueChickenPizza,0
 Caramelized Onions,TheBarbecueChickenPizza,0
 Pineapple,TheBarbecueChickenPizza,0
Genoa Salami,TheBarbecueChickenPizza,0
 Friggitello Peppers,TheBarbecueChickenPizza,0
Brie Carre Cheese,TheBarbecueChickenPizza,0
Coarse Sicilian Salami,TheBarbecueChickenPizza,0
 Mozzarella Cheese,TheBarbecueChickenPizza,0
Pepperoni,TheBarbecueChickenPizza,0
Bacon,TheBarbecueChickenPizza,0
 Chorizo Sausage,TheBarbecueChickenPizza,0
?duja Salami,TheBarbecueChickenPizza,0
 Chipotle Sauce,TheBarbecueChickenPizza,0
Capocollo,TheBarbecueChickenPizza,0
 Peperoncini verdi,TheBarbecueChickenPizza,0
Barbecued Chicken,TheBarbecueChickenPizza,0
 Prosciutto,TheBarbecueChickenPizza,0
Tomatoes,TheItalianVegetablesPizza,0
 Oregano,TheItalianVegetablesPizza,0
 Pepperoni,TheItalianVegetablesPizza,0
Mozzarella Cheese,TheItalianVegetablesPizza,0
 Provolone Cheese,TheItalianVegetablesPizza,0
Spinach,TheItalianVegetablesPizza,0
 Capocollo,TheItalianVegetablesPizza,0
Ricotta Cheese,TheItalianVegetablesPizza,0
 Pesto Sauce,TheItalianVegetablesPizza,0
Eggplant,TheItalianVegetablesPizza,0
 Italian Sausage,TheItalianVegetablesPizza,0
 Plum Tomatoes,TheItalianVegetablesPizza,0
 Romano Cheese,TheItalianVegetablesPizza,0
 Cilantro,TheItalianVegetablesPizza,0
 Green Peppers,TheItalianVegetablesPizza,0
 Barbecue Sauce,TheItalianVegetablesPizza,0
 Asiago Cheese,TheItalianVegetablesPizza,0
 Gouda Cheese,TheItalianVegetablesPizza,0
 Luganega Sausage,TheItalianVegetablesPizza,0
 Smoked Gouda Cheese,TheItalianVegetablesPizza,0
 Kalamata Olives,TheItalianVegetablesPizza,0
 Garlic,TheItalianVegetablesPizza,0
 Thyme,TheItalianVegetablesPizza,0
 Mushrooms,TheItalianVegetablesPizza,0
 Thai Sweet Chilli Sauce,TheItalianVegetablesPizza,0
 Jalapeno Peppers,TheItalianVegetablesPizza,0
 Onions,TheItalianVegetablesPizza,0
Soppressata Salami,TheItalianVegetablesPizza,0
 Sun-dried Tomatoes,TheItalianVegetablesPizza,0
 Pears,TheItalianVegetablesPizza,0
 Blue Cheese,TheItalianVegetablesPizza,0
 Red Onions,TheItalianVegetablesPizza,0
 Green Olives,TheItalianVegetablesPizza,0
 Fontina Cheese,TheItalianVegetablesPizza,0
Mushrooms,TheItalianVegetablesPizza,0
 Gorgonzola Piccante Cheese,TheItalianVegetablesPizza,0
Calabrese Salami,TheItalianVegetablesPizza,0
Sliced Ham,TheItalianVegetablesPizza,0
 Goat Cheese,TheItalianVegetablesPizza,0
 Anchovies,TheItalianVegetablesPizza,0
Chicken,TheItalianVegetablesPizza,0
 Corn,TheItalianVegetablesPizza,0
Prosciutto di San Daniele,TheItalianVegetablesPizza,0
Kalamata Olives,TheItalianVegetablesPizza,0
 Artichokes,TheItalianVegetablesPizza,0
 Bacon,TheItalianVegetablesPizza,0
 Alfredo Sauce,TheItalianVegetablesPizza,0
 Parmigiano Reggiano Cheese,TheItalianVegetablesPizza,0
 Spinach,TheItalianVegetablesPizza,0
 Artichoke,TheItalianVegetablesPizza,0
 Beef Chuck Roast,TheItalianVegetablesPizza,0
 Pancetta,TheItalianVegetablesPizza,0
 Red Peppers,TheItalianVegetablesPizza,0
 Zucchini,TheItalianVegetablesPizza,0
 Tomatoes,TheItalianVegetablesPizza,0
 Arugula,TheItalianVegetablesPizza,0
 Feta Cheese,TheItalianVegetablesPizza,0
 Caramelized Onions,TheItalianVegetablesPizza,0
 Pineapple,TheItalianVegetablesPizza,0
Genoa Salami,TheItalianVegetablesPizza,0
 Friggitello Peppers,TheItalianVegetablesPizza,0
Brie Carre Cheese,TheItalianVegetablesPizza,0
Coarse Sicilian Salami,TheItalianVegetablesPizza,0
 Mozzarella Cheese,TheItalianVegetablesPizza,0
Pepperoni,TheItalianVegetablesPizza,0
Bacon,TheItalianVegetablesPizza,0
 Chorizo Sausage,TheItalianVegetablesPizza,0
?duja Salami,TheItalianVegetablesPizza,0
 Chipotle Sauce,TheItalianVegetablesPizza,0
Capocollo,TheItalianVegetablesPizza,0
 Peperoncini verdi,TheItalianVegetablesPizza,0
Barbecued Chicken,TheItalianVegetablesPizza,0
 Prosciutto,TheItalianVegetablesPizza,0
Tomatoes,ThePepperoniPizza,0
 Oregano,ThePepperoniPizza,0
 Pepperoni,ThePepperoniPizza,0
Mozzarella Cheese,ThePepperoniPizza,0
 Provolone Cheese,ThePepperoniPizza,0
Spinach,ThePepperoniPizza,0
 Capocollo,ThePepperoniPizza,0
Ricotta Cheese,ThePepperoniPizza,0
 Pesto Sauce,ThePepperoniPizza,0
Eggplant,ThePepperoniPizza,0
 Italian Sausage,ThePepperoniPizza,0
 Plum Tomatoes,ThePepperoniPizza,0
 Romano Cheese,ThePepperoniPizza,0
 Cilantro,ThePepperoniPizza,0
 Green Peppers,ThePepperoniPizza,0
 Barbecue Sauce,ThePepperoniPizza,0
 Asiago Cheese,ThePepperoniPizza,0
 Gouda Cheese,ThePepperoniPizza,0
 Luganega Sausage,ThePepperoniPizza,0
 Smoked Gouda Cheese,ThePepperoniPizza,0
 Kalamata Olives,ThePepperoniPizza,0
 Garlic,ThePepperoniPizza,0
 Thyme,ThePepperoniPizza,0
 Mushrooms,ThePepperoniPizza,0
 Thai Sweet Chilli Sauce,ThePepperoniPizza,0
 Jalapeno Peppers,ThePepperoniPizza,0
 Onions,ThePepperoniPizza,0
Soppressata Salami,ThePepperoniPizza,0
 Sun-dried Tomatoes,ThePepperoniPizza,0
 Pears,ThePepperoniPizza,0
 Blue Cheese,ThePepperoniPizza,0
 Red Onions,ThePepperoniPizza,0
 Green Olives,ThePepperoniPizza,0
 Fontina Cheese,ThePepperoniPizza,0
Mushrooms,ThePepperoniPizza,0
 Gorgonzola Piccante Cheese,ThePepperoniPizza,0
Calabrese Salami,ThePepperoniPizza,0
Sliced Ham,ThePepperoniPizza,0
 Goat Cheese,ThePepperoniPizza,0
 Anchovies,ThePepperoniPizza,0
Chicken,ThePepperoniPizza,0
 Corn,ThePepperoniPizza,0
Prosciutto di San Daniele,ThePepperoniPizza,0
Kalamata Olives,ThePepperoniPizza,0
 Artichokes,ThePepperoniPizza,0
 Bacon,ThePepperoniPizza,0
 Alfredo Sauce,ThePepperoniPizza,0
 Parmigiano Reggiano Cheese,ThePepperoniPizza,0
 Spinach,ThePepperoniPizza,0
 Artichoke,ThePepperoniPizza,0
 Beef Chuck Roast,ThePepperoniPizza,0
 Pancetta,ThePepperoniPizza,0
 Red Peppers,ThePepperoniPizza,0
 Zucchini,ThePepperoniPizza,0
 Tomatoes,ThePepperoniPizza,0
 Arugula,ThePepperoniPizza,0
 Feta Cheese,ThePepperoniPizza,0
 Caramelized Onions,ThePepperoniPizza,0
 Pineapple,ThePepperoniPizza,0
Genoa Salami,ThePepperoniPizza,0
 Friggitello Peppers,ThePepperoniPizza,0
Brie Carre Cheese,ThePepperoniPizza,0
Coarse Sicilian Salami,ThePepperoniPizza,0
 Mozzarella Cheese,ThePepperoniPizza,0
Pepperoni,ThePepperoniPizza,0
Bacon,ThePepperoniPizza,0
 Chorizo Sausage,ThePepperoniPizza,0
?duja Salami,ThePepperoniPizza,0
 Chipotle Sauce,ThePepperoniPizza,0
Capocollo,ThePepperoniPizza,0
 Peperoncini verdi,ThePepperoniPizza,0
Barbecued Chicken,ThePepperoniPizza,0
 Prosciutto,ThePepperoniPizza,0
Tomatoes,TheChickenAlfredoPizza,0
 Oregano,TheChickenAlfredoPizza,0
 Pepperoni,TheChickenAlfredoPizza,0
Mozzarella Cheese,TheChickenAlfredoPizza,0
 Provolone Cheese,TheChickenAlfredoPizza,0
Spinach,TheChickenAlfredoPizza,0
 Capocollo,TheChickenAlfredoPizza,0
Ricotta Cheese,TheChickenAlfredoPizza,0
 Pesto Sauce,TheChickenAlfredoPizza,0
Eggplant,TheChickenAlfredoPizza,0
 Italian Sausage,TheChickenAlfredoPizza,0
 Plum Tomatoes,TheChickenAlfredoPizza,0
 Romano Cheese,TheChickenAlfredoPizza,0
 Cilantro,TheChickenAlfredoPizza,0
 Green Peppers,TheChickenAlfredoPizza,0
 Barbecue Sauce,TheChickenAlfredoPizza,0
 Asiago Cheese,TheChickenAlfredoPizza,0
 Gouda Cheese,TheChickenAlfredoPizza,0
 Luganega Sausage,TheChickenAlfredoPizza,0
 Smoked Gouda Cheese,TheChickenAlfredoPizza,0
 Kalamata Olives,TheChickenAlfredoPizza,0
 Garlic,TheChickenAlfredoPizza,0
 Thyme,TheChickenAlfredoPizza,0
 Mushrooms,TheChickenAlfredoPizza,0
 Thai Sweet Chilli Sauce,TheChickenAlfredoPizza,0
 Jalapeno Peppers,TheChickenAlfredoPizza,0
 Onions,TheChickenAlfredoPizza,0
Soppressata Salami,TheChickenAlfredoPizza,0
 Sun-dried Tomatoes,TheChickenAlfredoPizza,0
 Pears,TheChickenAlfredoPizza,0
 Blue Cheese,TheChickenAlfredoPizza,0
 Red Onions,TheChickenAlfredoPizza,0
 Green Olives,TheChickenAlfredoPizza,0
 Fontina Cheese,TheChickenAlfredoPizza,0
Mushrooms,TheChickenAlfredoPizza,0
 Gorgonzola Piccante Cheese,TheChickenAlfredoPizza,0
Calabrese Salami,TheChickenAlfredoPizza,0
Sliced Ham,TheChickenAlfredoPizza,0
 Goat Cheese,TheChickenAlfredoPizza,0
 Anchovies,TheChickenAlfredoPizza,0
Chicken,TheChickenAlfredoPizza,0
 Corn,TheChickenAlfredoPizza,0
Prosciutto di San Daniele,TheChickenAlfredoPizza,0
Kalamata Olives,TheChickenAlfredoPizza,0
 Artichokes,TheChickenAlfredoPizza,0
 Bacon,TheChickenAlfredoPizza,0
 Alfredo Sauce,TheChickenAlfredoPizza,0
 Parmigiano Reggiano Cheese,TheChickenAlfredoPizza,0
 Spinach,TheChickenAlfredoPizza,0
 Artichoke,TheChickenAlfredoPizza,0
 Beef Chuck Roast,TheChickenAlfredoPizza,0
 Pancetta,TheChickenAlfredoPizza,0
 Red Peppers,TheChickenAlfredoPizza,0
 Zucchini,TheChickenAlfredoPizza,0
 Tomatoes,TheChickenAlfredoPizza,0
 Arugula,TheChickenAlfredoPizza,0
 Feta Cheese,TheChickenAlfredoPizza,0
 Caramelized Onions,TheChickenAlfredoPizza,0
 Pineapple,TheChickenAlfredoPizza,0
Genoa Salami,TheChickenAlfredoPizza,0
 Friggitello Peppers,TheChickenAlfredoPizza,0
Brie Carre Cheese,TheChickenAlfredoPizza,0
Coarse Sicilian Salami,TheChickenAlfredoPizza,0
 Mozzarella Cheese,TheChickenAlfredoPizza,0
Pepperoni,TheChickenAlfredoPizza,0
Bacon,TheChickenAlfredoPizza,0
 Chorizo Sausage,TheChickenAlfredoPizza,0
?duja Salami,TheChickenAlfredoPizza,0
 Chipotle Sauce,TheChickenAlfredoPizza,0
Capocollo,TheChickenAlfredoPizza,0
 Peperoncini verdi,TheChickenAlfredoPizza,0
Barbecued Chicken,TheChickenAlfredoPizza,0
 Prosciutto,TheChickenAlfredoPizza,0
Tomatoes,TheItalianSupremePizza,0
 Oregano,TheItalianSupremePizza,0
 Pepperoni,TheItalianSupremePizza,0
Mozzarella Cheese,TheItalianSupremePizza,0
 Provolone Cheese,TheItalianSupremePizza,0
Spinach,TheItalianSupremePizza,0
 Capocollo,TheItalianSupremePizza,0
Ricotta Cheese,TheItalianSupremePizza,0
 Pesto Sauce,TheItalianSupremePizza,0
Eggplant,TheItalianSupremePizza,0
 Italian Sausage,TheItalianSupremePizza,0
 Plum Tomatoes,TheItalianSupremePizza,0
 Romano Cheese,TheItalianSupremePizza,0
 Cilantro,TheItalianSupremePizza,0
 Green Peppers,TheItalianSupremePizza,0
 Barbecue Sauce,TheItalianSupremePizza,0
 Asiago Cheese,TheItalianSupremePizza,0
 Gouda Cheese,TheItalianSupremePizza,0
 Luganega Sausage,TheItalianSupremePizza,0
 Smoked Gouda Cheese,TheItalianSupremePizza,0
 Kalamata Olives,TheItalianSupremePizza,0
 Garlic,TheItalianSupremePizza,0
 Thyme,TheItalianSupremePizza,0
 Mushrooms,TheItalianSupremePizza,0
 Thai Sweet Chilli Sauce,TheItalianSupremePizza,0
 Jalapeno Peppers,TheItalianSupremePizza,0
 Onions,TheItalianSupremePizza,0
Soppressata Salami,TheItalianSupremePizza,0
 Sun-dried Tomatoes,TheItalianSupremePizza,0
 Pears,TheItalianSupremePizza,0
 Blue Cheese,TheItalianSupremePizza,0
 Red Onions,TheItalianSupremePizza,0
 Green Olives,TheItalianSupremePizza,0
 Fontina Cheese,TheItalianSupremePizza,0
Mushrooms,TheItalianSupremePizza,0
 Gorgonzola Piccante Cheese,TheItalianSupremePizza,0
Calabrese Salami,TheItalianSupremePizza,0
Sliced Ham,TheItalianSupremePizza,0
 Goat Cheese,TheItalianSupremePizza,0
 Anchovies,TheItalianSupremePizza,0
Chicken,TheItalianSupremePizza,0
 Corn,TheItalianSupremePizza,0
Prosciutto di San Daniele,TheItalianSupremePizza,0
Kalamata Olives,TheItalianSupremePizza,0
 Artichokes,TheItalianSupremePizza,0
 Bacon,TheItalianSupremePizza,0
 Alfredo Sauce,TheItalianSupremePizza,0
 Parmigiano Reggiano Cheese,TheItalianSupremePizza,0
 Spinach,TheItalianSupremePizza,0
 Artichoke,TheItalianSupremePizza,0
 Beef Chuck Roast,TheItalianSupremePizza,0
 Pancetta,TheItalianSupremePizza,0
 Red Peppers,TheItalianSupremePizza,0
 Zucchini,TheItalianSupremePizza,0
 Tomatoes,TheItalianSupremePizza,0
 Arugula,TheItalianSupremePizza,0
 Feta Cheese,TheItalianSupremePizza,0
 Caramelized Onions,TheItalianSupremePizza,0
 Pineapple,TheItalianSupremePizza,0
Genoa Salami,TheItalianSupremePizza,0
 Friggitello Peppers,TheItalianSupremePizza,0
Brie Carre Cheese,TheItalianSupremePizza,0
Coarse Sicilian Salami,TheItalianSupremePizza,0
 Mozzarella Cheese,TheItalianSupremePizza,0
Pepperoni,TheItalianSupremePizza,0
Bacon,TheItalianSupremePizza,0
 Chorizo Sausage,TheItalianSupremePizza,0
?duja Salami,TheItalianSupremePizza,0
 Chipotle Sauce,TheItalianSupremePizza,0
Capocollo,TheItalianSupremePizza,0
 Peperoncini verdi,TheItalianSupremePizza,0
Barbecued Chicken,TheItalianSupremePizza,0
 Prosciutto,TheItalianSupremePizza,0
Tomatoes,ThePepperSalamiPizza,0
 Oregano,ThePepperSalamiPizza,0
 Pepperoni,ThePepperSalamiPizza,0
Mozzarella Cheese,ThePepperSalamiPizza,0
 Provolone Cheese,ThePepperSalamiPizza,0
Spinach,ThePepperSalamiPizza,0
 Capocollo,ThePepperSalamiPizza,0
Ricotta Cheese,ThePepperSalamiPizza,0
 Pesto Sauce,ThePepperSalamiPizza,0
Eggplant,ThePepperSalamiPizza,0
 Italian Sausage,ThePepperSalamiPizza,0
 Plum Tomatoes,ThePepperSalamiPizza,0
 Romano Cheese,ThePepperSalamiPizza,0
 Cilantro,ThePepperSalamiPizza,0
 Green Peppers,ThePepperSalamiPizza,0
 Barbecue Sauce,ThePepperSalamiPizza,0
 Asiago Cheese,ThePepperSalamiPizza,0
 Gouda Cheese,ThePepperSalamiPizza,0
 Luganega Sausage,ThePepperSalamiPizza,0
 Smoked Gouda Cheese,ThePepperSalamiPizza,0
 Kalamata Olives,ThePepperSalamiPizza,0
 Garlic,ThePepperSalamiPizza,0
 Thyme,ThePepperSalamiPizza,0
 Mushrooms,ThePepperSalamiPizza,0
 Thai Sweet Chilli Sauce,ThePepperSalamiPizza,0
 Jalapeno Peppers,ThePepperSalamiPizza,0
 Onions,ThePepperSalamiPizza,0
Soppressata Salami,ThePepperSalamiPizza,0
 Sun-dried Tomatoes,ThePepperSalamiPizza,0
 Pears,ThePepperSalamiPizza,0
 Blue Cheese,ThePepperSalamiPizza,0
 Red Onions,ThePepperSalamiPizza,0
 Green Olives,ThePepperSalamiPizza,0
 Fontina Cheese,ThePepperSalamiPizza,0
Mushrooms,ThePepperSalamiPizza,0
 Gorgonzola Piccante Cheese,ThePepperSalamiPizza,0
Calabrese Salami,ThePepperSalamiPizza,0
Sliced Ham,ThePepperSalamiPizza,0
 Goat Cheese,ThePepperSalamiPizza,0
 Anchovies,ThePepperSalamiPizza,0
Chicken,ThePepperSalamiPizza,0
 Corn,ThePepperSalamiPizza,0
Prosciutto di San Daniele,ThePepperSalamiPizza,0
Kalamata Olives,ThePepperSalamiPizza,0
 Artichokes,ThePepperSalamiPizza,0
 Bacon,ThePepperSalamiPizza,0
 Alfredo Sauce,ThePepperSalamiPizza,0
 Parmigiano Reggiano Cheese,ThePepperSalamiPizza,0
 Spinach,ThePepperSalamiPizza,0
 Artichoke,ThePepperSalamiPizza,0
 Beef Chuck Roast,ThePepperSalamiPizza,0
 Pancetta,ThePepperSalamiPizza,0
 Red Peppers,ThePepperSalamiPizza,0
 Zucchini,ThePepperSalamiPizza,0
 Tomatoes,ThePepperSalamiPizza,0
 Arugula,ThePepperSalamiPizza,0
 Feta Cheese,ThePepperSalamiPizza,0
 Caramelized Onions,ThePepperSalamiPizza,0
 Pineapple,ThePepperSalamiPizza,0
Genoa Salami,ThePepperSalamiPizza,0
 Friggitello Peppers,ThePepperSalamiPizza,0
Brie Carre Cheese,ThePepperSalamiPizza,0
Coarse Sicilian Salami,ThePepperSalamiPizza,0
 Mozzarella Cheese,ThePepperSalamiPizza,0
Pepperoni,ThePepperSalamiPizza,0
Bacon,ThePepperSalamiPizza,0
 Chorizo Sausage,ThePepperSalamiPizza,0
?duja Salami,ThePepperSalamiPizza,0
 Chipotle Sauce,ThePepperSalamiPizza,0
Capocollo,ThePepperSalamiPizza,0
 Peperoncini verdi,ThePepperSalamiPizza,0
Barbecued Chicken,ThePepperSalamiPizza,0
 Prosciutto,ThePepperSalamiPizza,0
Tomatoes,TheMexicanaPizza,0
 Oregano,TheMexicanaPizza,0
 Pepperoni,TheMexicanaPizza,0
Mozzarella Cheese,TheMexicanaPizza,0
 Provolone Cheese,TheMexicanaPizza,0
Spinach,TheMexicanaPizza,0
 Capocollo,TheMexicanaPizza,0
Ricotta Cheese,TheMexicanaPizza,0
 Pesto Sauce,TheMexicanaPizza,0
Eggplant,TheMexicanaPizza,0
 Italian Sausage,TheMexicanaPizza,0
 Plum Tomatoes,TheMexicanaPizza,0
 Romano Cheese,TheMexicanaPizza,0
 Cilantro,TheMexicanaPizza,0
 Green Peppers,TheMexicanaPizza,0
 Barbecue Sauce,TheMexicanaPizza,0
 Asiago Cheese,TheMexicanaPizza,0
 Gouda Cheese,TheMexicanaPizza,0
 Luganega Sausage,TheMexicanaPizza,0
 Smoked Gouda Cheese,TheMexicanaPizza,0
 Kalamata Olives,TheMexicanaPizza,0
 Garlic,TheMexicanaPizza,0
 Thyme,TheMexicanaPizza,0
 Mushrooms,TheMexicanaPizza,0
 Thai Sweet Chilli Sauce,TheMexicanaPizza,0
 Jalapeno Peppers,TheMexicanaPizza,0
 Onions,TheMexicanaPizza,0
Soppressata Salami,TheMexicanaPizza,0
 Sun-dried Tomatoes,TheMexicanaPizza,0
 Pears,TheMexicanaPizza,0
 Blue Cheese,TheMexicanaPizza,0
 Red Onions,TheMexicanaPizza,0
 Green Olives,TheMexicanaPizza,0
 Fontina Cheese,TheMexicanaPizza,0
Mushrooms,TheMexicanaPizza,0
 Gorgonzola Piccante Cheese,TheMexicanaPizza,0
Calabrese Salami,TheMexicanaPizza,0
Sliced Ham,TheMexicanaPizza,0
 Goat Cheese,TheMexicanaPizza,0
 Anchovies,TheMexicanaPizza,0
Chicken,TheMexicanaPizza,0
 Corn,TheMexicanaPizza,0
Prosciutto di San Daniele,TheMexicanaPizza,0
Kalamata Olives,TheMexicanaPizza,0
 Artichokes,TheMexicanaPizza,0
 Bacon,TheMexicanaPizza,0
 Alfredo Sauce,TheMexicanaPizza,0
 Parmigiano Reggiano Cheese,TheMexicanaPizza,0
 Spinach,TheMexicanaPizza,0
 Artichoke,TheMexicanaPizza,0
 Beef Chuck Roast,TheMexicanaPizza,0
 Pancetta,TheMexicanaPizza,0
 Red Peppers,TheMexicanaPizza,0
 Zucchini,TheMexicanaPizza,0
 Tomatoes,TheMexicanaPizza,0
 Arugula,TheMexicanaPizza,0
 Feta Cheese,TheMexicanaPizza,0
 Caramelized Onions,TheMexicanaPizza,0
 Pineapple,TheMexicanaPizza,0
Genoa Salami,TheMexicanaPizza,0
 Friggitello Peppers,TheMexicanaPizza,0
Brie Carre Cheese,TheMexicanaPizza,0
Coarse Sicilian Salami,TheMexicanaPizza,0
 Mozzarella Cheese,TheMexicanaPizza,0
Pepperoni,TheMexicanaPizza,0
Bacon,TheMexicanaPizza,0
 Chorizo Sausage,TheMexicanaPizza,0
?duja Salami,TheMexicanaPizza,0
 Chipotle Sauce,TheMexicanaPizza,0
Capocollo,TheMexicanaPizza,0
 Peperoncini verdi,TheMexicanaPizza,0
Barbecued Chicken,TheMexicanaPizza,0
 Prosciutto,TheMexicanaPizza,0
Tomatoes,ThePepperoniMushroomandPeppersPizza,0
 Oregano,ThePepperoniMushroomandPeppersPizza,0
 Pepperoni,ThePepperoniMushroomandPeppersPizza,0
Mozzarella Cheese,ThePepperoniMushroomandPeppersPizza,0
 Provolone Cheese,ThePepperoniMushroomandPeppersPizza,0
Spinach,ThePepperoniMushroomandPeppersPizza,0
 Capocollo,ThePepperoniMushroomandPeppersPizza,0
Ricotta Cheese,ThePepperoniMushroomandPeppersPizza,0
 Pesto Sauce,ThePepperoniMushroomandPeppersPizza,0
Eggplant,ThePepperoniMushroomandPeppersPizza,0
 Italian Sausage,ThePepperoniMushroomandPeppersPizza,0
 Plum Tomatoes,ThePepperoniMushroomandPeppersPizza,0
 Romano Cheese,ThePepperoniMushroomandPeppersPizza,0
 Cilantro,ThePepperoniMushroomandPeppersPizza,0
 Green Peppers,ThePepperoniMushroomandPeppersPizza,0
 Barbecue Sauce,ThePepperoniMushroomandPeppersPizza,0
 Asiago Cheese,ThePepperoniMushroomandPeppersPizza,0
 Gouda Cheese,ThePepperoniMushroomandPeppersPizza,0
 Luganega Sausage,ThePepperoniMushroomandPeppersPizza,0
 Smoked Gouda Cheese,ThePepperoniMushroomandPeppersPizza,0
 Kalamata Olives,ThePepperoniMushroomandPeppersPizza,0
 Garlic,ThePepperoniMushroomandPeppersPizza,0
 Thyme,ThePepperoniMushroomandPeppersPizza,0
 Mushrooms,ThePepperoniMushroomandPeppersPizza,0
 Thai Sweet Chilli Sauce,ThePepperoniMushroomandPeppersPizza,0
 Jalapeno Peppers,ThePepperoniMushroomandPeppersPizza,0
 Onions,ThePepperoniMushroomandPeppersPizza,0
Soppressata Salami,ThePepperoniMushroomandPeppersPizza,0
 Sun-dried Tomatoes,ThePepperoniMushroomandPeppersPizza,0
 Pears,ThePepperoniMushroomandPeppersPizza,0
 Blue Cheese,ThePepperoniMushroomandPeppersPizza,0
 Red Onions,ThePepperoniMushroomandPeppersPizza,0
 Green Olives,ThePepperoniMushroomandPeppersPizza,0
 Fontina Cheese,ThePepperoniMushroomandPeppersPizza,0
Mushrooms,ThePepperoniMushroomandPeppersPizza,0
 Gorgonzola Piccante Cheese,ThePepperoniMushroomandPeppersPizza,0
Calabrese Salami,ThePepperoniMushroomandPeppersPizza,0
Sliced Ham,ThePepperoniMushroomandPeppersPizza,0
 Goat Cheese,ThePepperoniMushroomandPeppersPizza,0
 Anchovies,ThePepperoniMushroomandPeppersPizza,0
Chicken,ThePepperoniMushroomandPeppersPizza,0
 Corn,ThePepperoniMushroomandPeppersPizza,0
Prosciutto di San Daniele,ThePepperoniMushroomandPeppersPizza,0
Kalamata Olives,ThePepperoniMushroomandPeppersPizza,0
 Artichokes,ThePepperoniMushroomandPeppersPizza,0
 Bacon,ThePepperoniMushroomandPeppersPizza,0
 Alfredo Sauce,ThePepperoniMushroomandPeppersPizza,0
 Parmigiano Reggiano Cheese,ThePepperoniMushroomandPeppersPizza,0
 Spinach,ThePepperoniMushroomandPeppersPizza,0
 Artichoke,ThePepperoniMushroomandPeppersPizza,0
 Beef Chuck Roast,ThePepperoniMushroomandPeppersPizza,0
 Pancetta,ThePepperoniMushroomandPeppersPizza,0
 Red Peppers,ThePepperoniMushroomandPeppersPizza,0
 Zucchini,ThePepperoniMushroomandPeppersPizza,0
 Tomatoes,ThePepperoniMushroomandPeppersPizza,0
 Arugula,ThePepperoniMushroomandPeppersPizza,0
 Feta Cheese,ThePepperoniMushroomandPeppersPizza,0
 Caramelized Onions,ThePepperoniMushroomandPeppersPizza,0
 Pineapple,ThePepperoniMushroomandPeppersPizza,0
Genoa Salami,ThePepperoniMushroomandPeppersPizza,0
 Friggitello Peppers,ThePepperoniMushroomandPeppersPizza,0
Brie Carre Cheese,ThePepperoniMushroomandPeppersPizza,0
Coarse Sicilian Salami,ThePepperoniMushroomandPeppersPizza,0
 Mozzarella Cheese,ThePepperoniMushroomandPeppersPizza,0
Pepperoni,ThePepperoniMushroomandPeppersPizza,0
Bacon,ThePepperoniMushroomandPeppersPizza,0
 Chorizo Sausage,ThePepperoniMushroomandPeppersPizza,0
?duja Salami,ThePepperoniMushroomandPeppersPizza,0
 Chipotle Sauce,ThePepperoniMushroomandPeppersPizza,0
Capocollo,ThePepperoniMushroomandPeppersPizza,0
 Peperoncini verdi,ThePepperoniMushroomandPeppersPizza,0
Barbecued Chicken,ThePepperoniMushroomandPeppersPizza,0
 Prosciutto,ThePepperoniMushroomandPeppersPizza,0
